first_name,last_name,student_number,student_id,department,courses
Naresh,Kumar,37414124,naresh.kumar@college.edu,Mechanical Engineering,"ME401,ME101,ME201,ME701,ME501"
Tao,Chen,31411785,tao.chen@university.edu,International Relations,"GEN501,GEN601,GEN201,GEN101,GEN301"
Markus,Wagner,36140283,markus.wagner@campus.edu,Physics,"PHYS501,PHYS601,PHYS401,PHYS301,PHYS101"
Pierre,Dubois,10468275,pierre.dubois@university.edu,Mathematics,"MATH201,MATH501,MATH401,MATH601"
Daniel,Santiago,25667856,daniel.santiago@academia.edu,Computer Science,"CS301,CS101,CS201,CS701"
Jack,Brown,14250887,jack.brown@scholar.edu,Economics,"ECON601,ECON301,ECON101,ECON401,ECON201"
Wei,Wang,52895142,wei.wang@educational.edu,Mathematics,"MATH401,MATH301,MATH101"
Isabella,Williams,95535040,isabella.williams@learning.edu,Mathematics,"MATH401,MATH101,MATH201,MATH501,MATH601"
Olivia,Wilson,72560516,olivia.wilson@campus.edu,Chemistry,"CHEM101,CHEM501,CHEM201,CHEM601,CHEM401"
Lilly,Evans,37900746,lilly.evans@university.edu,Marketing,"GEN401,GEN501,GEN101,GEN301,GEN201"
Xiaoling,Liu,41692504,xiaoling.liu@campus.edu,Education,"GEN201,GEN101,GEN301"
Noah,MacGregor,10918904,noah.macgregor@campus.edu,History,"HIST501,HIST401,HIST101"
Christine,Hoffmann,85153175,christine.hoffmann@institute.edu,Data Science,"DS201,DS301,DS501,DS401,DS101"
Barbara,Michel,23377342,barbara.michel@studium.edu,Marketing,"GEN601,GEN501,GEN101,GEN401,GEN301"
Christiane,Simon,97069970,christiane.simon@academia.edu,Fine Arts,"GEN301,GEN401,GEN501,GEN101"
Yukiko,Ito,67717067,yukiko.ito@studium.edu,Business Administration,"BUS101,BUS201,BUS301,BUS601"
Priya,Singh,76672172,priya.singh@learning.edu,Psychology,"PSY501,PSY601,PSY201"
Grace,Russell,57278687,grace.russell@studium.edu,Political Science,"GEN501,GEN301,GEN401,GEN101,GEN201"
Daniel,Clark,10690585,daniel.clark@university.edu,Business Administration,"BUS401,BUS501,BUS301,BUS201,BUS601,BUS101"
Hui,Yang,48591817,hui.yang@scholar.edu,Political Science,"GEN301,GEN601,GEN101,GEN201,GEN401,GEN501"
Ella,Wilson,50409560,ella.wilson@scholar.edu,Civil Engineering,"GEN301,GEN101,GEN201,GEN601,GEN401"
Cristina,Dias,34839416,cristina.dias@studium.edu,Data Science,"DS401,DS101,DS501,DS601,DS301"
Victoria,Ford,94697056,victoria.ford@academy.edu,Biology,"BIO501,BIO601,BIO101,BIO401,BIO301"
Mio,Matsumoto,36050041,mio.matsumoto@studium.edu,Philosophy,"GEN201,GEN401,GEN101"
Francisco,Medina,23261737,francisco.medina@studium.edu,Religious Studies,"GEN601,GEN401,GEN501,GEN101,GEN301,GEN201"
Cristina,Dias,41386499,cristina.dias@academy.edu,Biology,"BIO501,BIO201,BIO401,BIO301,BIO601,BIO101"
Paula,Costa,45643811,paula.costa@institute.edu,Chemistry,"CHEM601,CHEM101,CHEM401"
Yuto,Suzuki,10249428,yuto.suzuki@campus.edu,Statistics,"GEN101,GEN401,GEN301,GEN201"
Poppy,Davies,72226201,poppy.davies@academia.edu,Chemistry,"CHEM501,CHEM601,CHEM201,CHEM101,CHEM401"
Isabella,Martinez,21348132,isabella.martinez@learning.edu,Sociology,"GEN101,GEN501,GEN301,GEN601,GEN201,GEN401"
Nicole,Fischer,26065260,nicole.fischer@campus.edu,Statistics,"GEN401,GEN601,GEN201,GEN301,GEN501"
Heike,Schulz,11826682,heike.schulz@learning.edu,Sociology,"GEN401,GEN101,GEN301"
Owen,Norman,33552133,owen.norman@studium.edu,Economics,"ECON601,ECON101,ECON201,ECON301"
Dirk,Schneider,32895038,dirk.schneider@scholar.edu,Anthropology,"GEN501,GEN401,GEN301"
Ren,Watanabe,73811300,ren.watanabe@learning.edu,Political Science,"GEN601,GEN201,GEN301,GEN101"
Poppy,Davies,34745559,poppy.davies@academy.edu,Computer Science,"CS701,CS101,CS801"
Charlotte,Lewis,56432203,charlotte.lewis@academia.edu,Political Science,"GEN101,GEN401,GEN601,GEN201"
Ethan,Anderson,67737715,ethan.anderson@college.edu,Electrical Engineering,"EE701,EE401,EE501,EE201"
Ricardo,Pereira,78115373,ricardo.pereira@learning.edu,Fine Arts,"GEN201,GEN401,GEN601,GEN301,GEN501,GEN101"
Antonio,Ramirez,31417446,antonio.ramirez@campus.edu,History,"HIST201,HIST601,HIST501,HIST301"
Roberto,Quintana,39852153,roberto.quintana@campus.edu,Computer Science,"CS201,CS101,CS301,CS601,CS801"
Ryoto,Takahashi,43596001,ryoto.takahashi@campus.edu,Marketing,"GEN601,GEN401,GEN301,GEN101,GEN201,GEN501"
Michael,Meyer,98587204,michael.meyer@studium.edu,Business Administration,"BUS201,BUS401,BUS301,BUS601"
Aisha,Kumar,24471300,aisha.kumar@institute.edu,Theatre,"GEN601,GEN101,GEN401,GEN201,GEN301"
Priya,Singh,24071166,priya.singh@university.edu,Nursing,"GEN301,GEN501,GEN601,GEN201,GEN401,GEN101"
Ryo,Sasaki,58793226,ryo.sasaki@university.edu,English Literature,"ENG401,ENG501,ENG601"
Fernando,Rocha,28325716,fernando.rocha@college.edu,Theatre,"GEN601,GEN501,GEN101,GEN301,GEN401"
Grace,Russell,71051151,grace.russell@educational.edu,Fine Arts,"GEN301,GEN401,GEN101,GEN501,GEN201"
Jacob,Ross,59253504,jacob.ross@university.edu,Statistics,"GEN401,GEN301,GEN201,GEN601,GEN501,GEN101"
Retta,Hawkins,51106230,retta.hawkins@institute.edu,Electrical Engineering,"EE601,EE501,EE401"
Amit,Sharma,40890313,amit.sharma@institute.edu,Psychology,"PSY201,PSY301,PSY601"
Ravi,Patel,89043049,ravi.patel@academy.edu,Finance,"GEN501,GEN201,GEN401,GEN301"
Li,Zhang,36228957,li.zhang@institute.edu,Education,"GEN201,GEN401,GEN301"
Emma,Davis,45375121,emma.davis@learning.edu,Economics,"ECON401,ECON101,ECON201,ECON301"
Hinata,Tanaka,58184816,hinata.tanaka@scholar.edu,English Literature,"ENG201,ENG401,ENG601,ENG301,ENG501,ENG101"
Gang,Xu,26124484,gang.xu@studium.edu,Statistics,"GEN501,GEN601,GEN301,GEN401,GEN101"
Yuki,Suzuki,41790109,yuki.suzuki@campus.edu,Computer Science,"CS501,CS201,CS101"
Paula,Costa,46532824,paula.costa@university.edu,Electrical Engineering,"EE701,EE801,EE301,EE101,EE501"
Riko,Takahashi,63015994,riko.takahashi@academy.edu,Biology,"BIO501,BIO301,BIO101,BIO601"
Sakura,Tanaka,76417743,sakura.tanaka@scholar.edu,Marketing,"GEN201,GEN501,GEN301,GEN401,GEN601,GEN101"
Michael,Meyer,41743778,michael.meyer@educational.edu,Economics,"ECON201,ECON401,ECON501,ECON101"
Marie,Martin,53873796,marie.martin@learning.edu,Theatre,"GEN501,GEN401,GEN301"
Amelia,Jackson,94755775,amelia.jackson@university.edu,Physics,"PHYS301,PHYS101,PHYS401,PHYS601,PHYS501"
Mio,Matsumoto,97833286,mio.matsumoto@scholar.edu,Religious Studies,"GEN101,GEN601,GEN201,GEN501,GEN301"
Barney,Golding,95506566,barney.golding@educational.edu,English Literature,"ENG501,ENG601,ENG201,ENG401,ENG301,ENG101"
Pierre,Michel,45706468,pierre.michel@educational.edu,Environmental Science,"GEN201,GEN501,GEN601,GEN401"
Wei,Wang,70767944,wei.wang@campus.edu,Marketing,"GEN401,GEN301,GEN201,GEN601,GEN101"
Carlos,Silva,89063801,carlos.silva@university.edu,Electrical Engineering,"EE701,EE301,EE401,EE201,EE501"
Riko,Takahashi,64247833,riko.takahashi@academia.edu,Political Science,"GEN501,GEN201,GEN401,GEN301,GEN101,GEN601"
Victoria,Ford,88746715,victoria.ford@scholar.edu,Forestry,"GEN501,GEN101,GEN301,GEN201,GEN601"
Weiwei,Li,42606178,weiwei.li@institute.edu,Philosophy,"GEN101,GEN601,GEN401,GEN301"
Charlotte,Williams,99638498,charlotte.williams@campus.edu,Mechanical Engineering,"ME401,ME601,ME101,ME301,ME501,ME801"
Harper,Rodriguez,63750900,harper.rodriguez@campus.edu,Civil Engineering,"GEN501,GEN201,GEN601"
Aiko,Sato,92939402,aiko.sato@scholar.edu,Agricultural Science,"GEN401,GEN601,GEN101"
Cristina,Dias,40585408,cristina.dias1@academy.edu,Civil Engineering,"GEN301,GEN501,GEN401"
Marie,Martin,23340894,marie.martin1@learning.edu,Marketing,"GEN301,GEN501,GEN601,GEN101,GEN201"
Xiaoming,Zhang,16483725,xiaoming.zhang@academia.edu,Physics,"PHYS301,PHYS101,PHYS601,PHYS401,PHYS201"
Leticia,Cardoso,99162816,leticia.cardoso@campus.edu,Mathematics,"MATH101,MATH301,MATH201"
Markus,Wagner,21014635,markus.wagner@educational.edu,Geology,"GEN501,GEN601,GEN301,GEN401,GEN101"
Tao,Chen,48110249,tao.chen@academia.edu,Civil Engineering,"GEN201,GEN401,GEN601"
Stefan,Mueller,51745326,stefan.mueller@educational.edu,Economics,"ECON101,ECON501,ECON301,ECON601"
Juan,Perez,71325873,juan.perez@institute.edu,Music,"GEN501,GEN601,GEN201,GEN301"
Peter,Schulz,65796011,peter.schulz@learning.edu,Biology,"BIO101,BIO301,BIO501"
Jack,Brown,93712962,jack.brown@academia.edu,Chemistry,"CHEM101,CHEM301,CHEM201"
Harper,Rodriguez,35643585,harper.rodriguez1@campus.edu,History,"HIST101,HIST401,HIST501,HIST601,HIST301,HIST201"
Haruto,Sato,34634429,haruto.sato@educational.edu,Biology,"BIO601,BIO201,BIO101,BIO501,BIO401"
Oliver,Brown,49028636,oliver.brown@college.edu,Philosophy,"GEN301,GEN101,GEN201"
Retta,Hawkins,43684519,retta.hawkins@academy.edu,History,"HIST601,HIST201,HIST401,HIST101"
Zoey,Bell,67195967,zoey.bell@studium.edu,Communication,"GEN401,GEN101,GEN501"
Christine,Hoffmann,47835681,christine.hoffmann@academy.edu,Chemistry,"CHEM401,CHEM101,CHEM201"
Aiko,Sato,67933609,aiko.sato@academia.edu,History,"HIST101,HIST501,HIST201,HIST401,HIST601"
Patricia,Morales,93797188,patricia.morales@institute.edu,Philosophy,"GEN201,GEN401,GEN501"
Anna,Mueller,27555661,anna.mueller@campus.edu,Mathematics,"MATH101,MATH601,MATH501,MATH301,MATH401"
Roberto,Juarez,63797292,roberto.juarez@campus.edu,Business Administration,"BUS601,BUS301,BUS401"
Yukiko,Ito,77432914,yukiko.ito@educational.edu,Business Administration,"BUS101,BUS301,BUS401,BUS601,BUS501"
Gabriele,Mueller,27050463,gabriele.mueller@scholar.edu,Law,"LAW501,LAW201,LAW601,LAW101,LAW401,LAW301"
Emma,Davis,26363318,emma.davis@scholar.edu,Mathematics,"MATH501,MATH201,MATH101,MATH601,MATH301,MATH401"
Evelyn,Robinson,45429648,evelyn.robinson@studium.edu,Economics,"ECON201,ECON501,ECON401,ECON601,ECON101,ECON301"
Taro,Yamamoto,20067238,taro.yamamoto@university.edu,Economics,"ECON501,ECON301,ECON601,ECON401,ECON201,ECON101"
Leticia,Cardoso,68523031,leticia.cardoso@learning.edu,Electrical Engineering,"EE101,EE801,EE701,EE201"
Xiaofang,Wang,25731213,xiaofang.wang@campus.edu,Biology,"BIO401,BIO201,BIO101,BIO601,BIO501,BIO301"
Evelyn,Robinson,80771970,evelyn.robinson@educational.edu,Electrical Engineering,"EE301,EE601,EE501,EE701,EE401"
Amelia,Taylor,37687720,amelia.taylor@college.edu,Mathematics,"MATH201,MATH601,MATH401,MATH301,MATH501,MATH101"
Dolores,Castillo,50115187,dolores.castillo@educational.edu,Philosophy,"GEN401,GEN101,GEN501,GEN201,GEN601"
Victoria,Mendoza,83787988,victoria.mendoza@educational.edu,Religious Studies,"GEN101,GEN201,GEN301"
Ella,Fisher,54479589,ella.fisher@studium.edu,Communication,"GEN301,GEN201,GEN601"
Rosa,Sanchez,60860105,rosa.sanchez@university.edu,Agricultural Science,"GEN501,GEN401,GEN201,GEN301,GEN101"
George,Jones,32905946,george.jones@scholar.edu,History,"HIST401,HIST501,HIST301,HIST201,HIST601"
Marie,Lefebvre,46495974,marie.lefebvre@college.edu,Medicine,"MED401,MED301,MED101,MED601"
Barney,Golding,33858568,barney.golding@studium.edu,Forestry,"GEN201,GEN401,GEN101,GEN301,GEN501,GEN601"
Carlos,Garcia,25160398,carlos.garcia@educational.edu,Chemistry,"CHEM501,CHEM601,CHEM201,CHEM101,CHEM401,CHEM301"
Rosa,Sanchez,85789219,rosa.sanchez1@university.edu,Communication,"GEN601,GEN101,GEN201,GEN401,GEN301,GEN501"
Noah,MacGregor,17522826,noah.macgregor@academy.edu,Data Science,"DS301,DS401,DS601,DS501"
Sandeep,Gupta,68290258,sandeep.gupta@studium.edu,Economics,"ECON201,ECON601,ECON101,ECON501"
Xia,Wu,93797699,xia.wu@university.edu,Fine Arts,"GEN301,GEN101,GEN401,GEN601,GEN501"
Sophia,Miller,61030478,sophia.miller@scholar.edu,English Literature,"ENG401,ENG301,ENG201"
Benjamin,Taylor,75212919,benjamin.taylor@studium.edu,Chemistry,"CHEM601,CHEM401,CHEM501,CHEM301"
Alexander,Thomas,44574305,alexander.thomas@institute.edu,Sociology,"GEN101,GEN501,GEN301"
Amelia,Jones,66769450,amelia.jones@academy.edu,Computer Science,"CS201,CS801,CS601"
Sophia,Miller,54548886,sophia.miller@college.edu,Biology,"BIO601,BIO401,BIO201,BIO301,BIO501"
Stefan,Mueller,37436702,stefan.mueller@learning.edu,Civil Engineering,"GEN201,GEN301,GEN101,GEN401,GEN501,GEN601"
Aisha,Kumar,20535530,aisha.kumar@university.edu,Nursing,"GEN401,GEN301,GEN501"
Olivia,Wilson,98677388,olivia.wilson@academy.edu,Mechanical Engineering,"ME401,ME701,ME801,ME301,ME201"
Julia,Wagner,38298503,julia.wagner@university.edu,Civil Engineering,"GEN501,GEN301,GEN201,GEN101,GEN601,GEN401"
Luc,Leroy,94765099,luc.leroy@college.edu,Business Administration,"BUS201,BUS601,BUS401,BUS301,BUS101,BUS501"
Vijay,Singh,61725522,vijay.singh@academia.edu,Business Administration,"BUS301,BUS101,BUS401,BUS601"
Lucia,Chavez,82556435,lucia.chavez@university.edu,Economics,"ECON301,ECON101,ECON601,ECON201"
Arjun,Sharma,99667283,arjun.sharma@institute.edu,Communication,"GEN101,GEN201,GEN501,GEN401,GEN601,GEN301"
Marcel,Moreau,14157284,marcel.moreau@educational.edu,Communication,"GEN601,GEN201,GEN101,GEN501,GEN301"
Carmen,Martinez,66569361,carmen.martinez@academy.edu,International Relations,"GEN201,GEN501,GEN301,GEN101"
Ava,Garcia,53642730,ava.garcia@scholar.edu,Business Administration,"BUS101,BUS201,BUS301,BUS501"
Xiaofang,Wang,34148080,xiaofang.wang@academia.edu,Psychology,"PSY201,PSY101,PSY501"
Li,Zhang,91883309,li.zhang@learning.edu,Mechanical Engineering,"ME501,ME601,ME801,ME401,ME301"
Priya,Singh,67715671,priya.singh@campus.edu,Philosophy,"GEN401,GEN101,GEN601,GEN201,GEN301,GEN501"
Tao,Chen,48306827,tao.chen@academy.edu,Physics,"PHYS501,PHYS301,PHYS201,PHYS101,PHYS601,PHYS401"
Michel,Dubois,79877820,michel.dubois@scholar.edu,History,"HIST301,HIST401,HIST201,HIST601,HIST101"
Antonio,Ramirez,38940602,antonio.ramirez@university.edu,Education,"GEN601,GEN401,GEN201,GEN101,GEN301,GEN501"
Ming,Liu,30837604,ming.liu@studium.edu,Political Science,"GEN601,GEN301,GEN401,GEN101,GEN201"
Lily,Morgan,25495396,lily.morgan@university.edu,Chemistry,"CHEM101,CHEM301,CHEM201,CHEM401,CHEM601"
Mia,Harris,84549784,mia.harris@educational.edu,History,"HIST101,HIST501,HIST301,HIST601"
Hui,Yang,58254089,hui.yang@college.edu,Civil Engineering,"GEN301,GEN601,GEN501,GEN101,GEN401,GEN201"
Leticia,Cardoso,52645624,leticia.cardoso@academia.edu,Civil Engineering,"GEN401,GEN601,GEN301,GEN201,GEN101,GEN501"
Vijay,Singh,81483672,vijay.singh@educational.edu,Chemistry,"CHEM101,CHEM201,CHEM601,CHEM301,CHEM401,CHEM501"
Olivia,Davis,70916921,olivia.davis@college.edu,Chemical Engineering,"GEN201,GEN501,GEN301,GEN101"
Olivia,Davis,92164347,olivia.davis1@college.edu,Chemistry,"CHEM201,CHEM501,CHEM401,CHEM101,CHEM601,CHEM301"
Ana,Lopez,89489065,ana.lopez@scholar.edu,Biology,"BIO601,BIO301,BIO501,BIO101"
Imogen,Campbell,12565399,imogen.campbell@educational.edu,Civil Engineering,"GEN301,GEN401,GEN601,GEN501,GEN101"
Elena,Torres,60989295,elena.torres@academia.edu,Physics,"PHYS201,PHYS401,PHYS301,PHYS101,PHYS601"
Hui,Yang,10992515,hui.yang@studium.edu,Civil Engineering,"GEN101,GEN601,GEN201,GEN401"
Imogen,Campbell,98153092,imogen.campbell@academy.edu,English Literature,"ENG301,ENG501,ENG601"
Sakura,Tanaka,92330259,sakura.tanaka@educational.edu,Mathematics,"MATH201,MATH501,MATH401"
Xiaoming,Zhang,14614893,xiaoming.zhang@institute.edu,Political Science,"GEN501,GEN201,GEN601,GEN301,GEN401"
Victoria,Ford,21561331,victoria.ford@college.edu,Psychology,"PSY301,PSY101,PSY401,PSY501,PSY201"
Grace,Russell,57158933,grace.russell@institute.edu,Chemistry,"CHEM401,CHEM601,CHEM101"
Cristina,Dias,11929029,cristina.dias@university.edu,Forestry,"GEN501,GEN601,GEN101,GEN301,GEN401"
Arjun,Sharma,49941005,arjun.sharma@college.edu,Physics,"PHYS501,PHYS601,PHYS301,PHYS101,PHYS201,PHYS401"
Xiaoming,Zhang,75371554,xiaoming.zhang@scholar.edu,Business Administration,"BUS101,BUS601,BUS201"
Daisy,Roberts,21004526,daisy.roberts@academia.edu,Physics,"PHYS301,PHYS601,PHYS501,PHYS401,PHYS201"
Luiz,Almeida,53939292,luiz.almeida@academia.edu,Mechanical Engineering,"ME201,ME601,ME301,ME501,ME801"
Anne,Laurent,96805514,anne.laurent@institute.edu,Psychology,"PSY301,PSY101,PSY401"
Noah,MacGregor,43656754,noah.macgregor@academia.edu,Business Administration,"BUS401,BUS501,BUS201,BUS601,BUS101,BUS301"
Lily,Morgan,58426957,lily.morgan@campus.edu,Economics,"ECON501,ECON301,ECON201,ECON401,ECON101"
Kavita,Sharma,11356555,kavita.sharma@scholar.edu,Civil Engineering,"GEN501,GEN201,GEN101"
Hong,Zhao,64611626,hong.zhao@university.edu,Communication,"GEN501,GEN601,GEN101,GEN301,GEN201,GEN401"
Riko,Takahashi,27394359,riko.takahashi@campus.edu,Psychology,"PSY501,PSY201,PSY301,PSY401,PSY601,PSY101"
Ana,Lopez,87146383,ana.lopez@studium.edu,Theatre,"GEN101,GEN601,GEN401,GEN301"
Lan,Liu,84868198,lan.liu@college.edu,Economics,"ECON401,ECON601,ECON201,ECON501,ECON301,ECON101"
William,Graham,65864927,william.graham@university.edu,English Literature,"ENG601,ENG501,ENG301"
Amelia,Jones,42521624,amelia.jones1@academy.edu,Economics,"ECON601,ECON301,ECON401"
William,Wilson,73960614,william.wilson@learning.edu,Economics,"ECON301,ECON401,ECON601,ECON101,ECON501"
Ethan,Anderson,12302893,ethan.anderson@institute.edu,Mechanical Engineering,"ME101,ME501,ME801,ME401,ME201"
Riko,Takahashi,27741189,riko.takahashi1@campus.edu,Law,"LAW601,LAW301,LAW501,LAW401,LAW201,LAW101"
Michael,Meyer,37746288,michael.meyer@college.edu,Psychology,"PSY201,PSY501,PSY601,PSY101"
Fernando,Rocha,91943014,fernando.rocha@scholar.edu,Economics,"ECON401,ECON101,ECON501"
Xia,Wu,34942097,xia.wu@educational.edu,Chemistry,"CHEM501,CHEM101,CHEM301,CHEM401,CHEM201,CHEM601"
Antonio,Ramirez,49502753,antonio.ramirez@scholar.edu,Electrical Engineering,"EE401,EE101,EE701,EE601,EE301"
Vikram,Singh,54212312,vikram.singh@academia.edu,Mechanical Engineering,"ME801,ME101,ME701"
Stefan,Mueller,72506163,stefan.mueller1@learning.edu,Philosophy,"GEN301,GEN501,GEN401"
Antonio,Ramirez,82434949,antonio.ramirez@academy.edu,Economics,"ECON401,ECON501,ECON101,ECON201,ECON301"
Callum,Brown,67584060,callum.brown@academy.edu,Law,"LAW301,LAW401,LAW201,LAW601"
Meera,Patel,45926294,meera.patel@campus.edu,Agricultural Science,"GEN201,GEN501,GEN601"
Ella,Fisher,64880139,ella.fisher@academy.edu,English Literature,"ENG401,ENG201,ENG501,ENG101,ENG601"
Elena,Torres,49690786,elena.torres@campus.edu,Mathematics,"MATH101,MATH401,MATH501,MATH301,MATH201"
Lilly,Evans,32749579,lilly.evans1@university.edu,Electrical Engineering,"EE401,EE201,EE701,EE801"
Charlotte,Lewis,34947646,charlotte.lewis@educational.edu,Geology,"GEN601,GEN301,GEN101,GEN501"
Julia,Wagner,44622529,julia.wagner@scholar.edu,Agricultural Science,"GEN601,GEN301,GEN401,GEN201"
Evelyne,Simon,65421547,evelyne.simon@studium.edu,Psychology,"PSY201,PSY501,PSY601,PSY101"
Weiwei,Li,85047996,weiwei.li1@institute.edu,Psychology,"PSY101,PSY601,PSY201,PSY301,PSY501"
Usha,Patel,13519449,usha.patel@learning.edu,English Literature,"ENG201,ENG101,ENG401"
Haruka,Abe,61370046,haruka.abe@learning.edu,Psychology,"PSY401,PSY101,PSY501"
Jean,Bernard,13710474,jean.bernard@university.edu,Agricultural Science,"GEN501,GEN101,GEN301,GEN201,GEN401,GEN601"
Dongmei,Wang,89213581,dongmei.wang@educational.edu,Business Administration,"BUS301,BUS601,BUS201,BUS501,BUS101,BUS401"
Yukiko,Ito,94120392,yukiko.ito@institute.edu,Forestry,"GEN401,GEN501,GEN601"
Lucas,Grant,91416730,lucas.grant@institute.edu,Music,"GEN601,GEN301,GEN101,GEN501,GEN401"
Barbara,Michel,40855225,barbara.michel@scholar.edu,History,"HIST601,HIST401,HIST201,HIST101"
Oliver,Brown,39932864,oliver.brown@scholar.edu,Music,"GEN501,GEN301,GEN601,GEN101,GEN401"
Nana,Shimizu,72228689,nana.shimizu@studium.edu,Chemistry,"CHEM501,CHEM301,CHEM101,CHEM201"
Michael,Meyer,84412724,michael.meyer1@studium.edu,Chemistry,"CHEM401,CHEM201,CHEM501,CHEM101,CHEM301,CHEM601"
Ella,Fisher,24090456,ella.fisher@scholar.edu,Information Technology,"IT601,IT201,IT501"
Oliver,Thompson,21320749,oliver.thompson@educational.edu,Psychology,"PSY401,PSY201,PSY101"
Maria,Becker,79240292,maria.becker@scholar.edu,Data Science,"DS101,DS201,DS601,DS401,DS301"
Oliver,Thompson,66427249,oliver.thompson@learning.edu,Artificial Intelligence,"GEN101,GEN301,GEN201,GEN601,GEN401,GEN501"
Marie,Lefebvre,46659248,marie.lefebvre1@college.edu,Computer Science,"CS101,CS401,CS501,CS201,CS601,CS801"
Yuki,Suzuki,22588019,yuki.suzuki@studium.edu,Biology,"BIO501,BIO101,BIO201,BIO301,BIO401"
Haiyan,Zhang,79534963,haiyan.zhang@college.edu,Chemistry,"CHEM601,CHEM101,CHEM501"
Amelia,Jackson,19165790,amelia.jackson@scholar.edu,Nursing,"GEN301,GEN401,GEN101,GEN601,GEN501"
Monty,Bosch,87497990,monty.bosch@college.edu,Physics,"PHYS601,PHYS201,PHYS401,PHYS101,PHYS301"
Ava,Garcia,91990574,ava.garcia@campus.edu,Mathematics,"MATH501,MATH401,MATH601,MATH201"
William,Graham,90591097,william.graham@academy.edu,Psychology,"PSY101,PSY401,PSY201,PSY301"
Thomas,Fischer,50948036,thomas.fischer@academy.edu,Anthropology,"GEN501,GEN601,GEN401,GEN201,GEN301,GEN101"
Roberto,Juarez,61794533,roberto.juarez@college.edu,Data Science,"DS301,DS401,DS201"
João,Oliveira,22068498,joão.oliveira@college.edu,Economics,"ECON201,ECON101,ECON601,ECON401,ECON501,ECON301"
William,Wilson,29850762,william.wilson@academy.edu,Anthropology,"GEN201,GEN101,GEN601"
Ethan,Anderson,85320271,ethan.anderson@learning.edu,Artificial Intelligence,"GEN501,GEN301,GEN201,GEN401"
Carlos,Garcia,14805843,carlos.garcia@institute.edu,Environmental Science,"GEN601,GEN101,GEN501"
Riko,Takahashi,95030988,riko.takahashi@institute.edu,Mechanical Engineering,"ME201,ME601,ME301,ME101"
Sophia,Miller,31382706,sophia.miller@studium.edu,Anthropology,"GEN401,GEN601,GEN301,GEN201,GEN501,GEN101"
Michael,Meyer,58350085,michael.meyer2@studium.edu,Medicine,"MED501,MED201,MED401"
Pedro,Ortiz,93647455,pedro.ortiz@educational.edu,Environmental Science,"GEN101,GEN401,GEN301"
Hinata,Tanaka,99968895,hinata.tanaka@campus.edu,Geology,"GEN601,GEN301,GEN501"
Layla,MacDonald,42489328,layla.macdonald@academy.edu,Statistics,"GEN401,GEN301,GEN101,GEN501"
Quinn,Hawker,99177017,quinn.hawker@campus.edu,Political Science,"GEN301,GEN401,GEN101,GEN601,GEN201,GEN501"
Ming,Liu,29771950,ming.liu1@studium.edu,Psychology,"PSY401,PSY201,PSY501"
Pierre,Michel,53548813,pierre.michel@university.edu,English Literature,"ENG301,ENG401,ENG201,ENG101,ENG501"
Ravi,Patel,88030132,ravi.patel1@academy.edu,Economics,"ECON101,ECON601,ECON301"
Jack,Walker,12013274,jack.walker@academy.edu,Music,"GEN201,GEN401,GEN501"
Zoey,Bell,56988533,zoey.bell@college.edu,Statistics,"GEN201,GEN601,GEN101,GEN301,GEN401"
Francisco,Medina,20590189,francisco.medina@academy.edu,Mechanical Engineering,"ME501,ME201,ME601,ME701,ME801,ME301"
Lily,Morgan,10615769,lily.morgan@academy.edu,Civil Engineering,"GEN201,GEN301,GEN601,GEN501,GEN401"
Liam,MacDonald,95455528,liam.macdonald@studium.edu,Psychology,"PSY501,PSY601,PSY201"
Zoey,Bell,92228983,zoey.bell1@college.edu,English Literature,"ENG601,ENG101,ENG401,ENG301"
Yuki,Suzuki,31884528,yuki.suzuki@scholar.edu,Agricultural Science,"GEN501,GEN101,GEN401,GEN301,GEN201,GEN601"
Benjamin,White,77050709,benjamin.white@university.edu,Biology,"BIO601,BIO101,BIO501,BIO301"
Xia,Wu,23998207,xia.wu1@educational.edu,Chemistry,"CHEM101,CHEM501,CHEM401,CHEM301,CHEM201,CHEM601"
Rudi,Hawkins,50162435,rudi.hawkins@scholar.edu,Computer Science,"CS701,CS201,CS501,CS101,CS401"
Mia,Harris,66438166,mia.harris@university.edu,Electrical Engineering,"EE101,EE801,EE501,EE301,EE401"
Lan,Liu,49418802,lan.liu@campus.edu,Information Technology,"IT501,IT601,IT401,IT101"
Wolfgang,Hoffmann,94510781,wolfgang.hoffmann@institute.edu,Political Science,"GEN201,GEN401,GEN601,GEN101,GEN301"
Olivia,Wilson,25821820,olivia.wilson@studium.edu,Physics,"PHYS201,PHYS601,PHYS401,PHYS501,PHYS101"
Ethan,Anderson,60734686,ethan.anderson@campus.edu,Mathematics,"MATH301,MATH201,MATH601,MATH501,MATH401"
Florence,Thomas,88019572,florence.thomas@educational.edu,Nursing,"GEN501,GEN101,GEN301"
Layla,MacDonald,79482798,layla.macdonald@campus.edu,Civil Engineering,"GEN301,GEN401,GEN201"
Alain,Garneau,89122945,alain.garneau@academy.edu,Nursing,"GEN501,GEN101,GEN201,GEN401,GEN601,GEN301"
Poppy,Davies,42931876,poppy.davies@college.edu,Geology,"GEN101,GEN501,GEN201,GEN301,GEN401"
Dolores,Castillo,23605784,dolores.castillo@academia.edu,Information Technology,"IT601,IT201,IT301,IT101,IT501,IT401"
Isabella,Martinez,19966839,isabella.martinez@campus.edu,Medicine,"MED401,MED601,MED101"
Ravi,Patel,24936011,ravi.patel@college.edu,Economics,"ECON201,ECON401,ECON601,ECON301"
Stefan,Mueller,42355259,stefan.mueller@campus.edu,Economics,"ECON301,ECON501,ECON601,ECON201,ECON101"
Monty,Bosch,59920461,monty.bosch@educational.edu,Theatre,"GEN401,GEN101,GEN601,GEN201,GEN501,GEN301"
Christine,Hoffmann,21135071,christine.hoffmann@campus.edu,Philosophy,"GEN201,GEN601,GEN501,GEN401,GEN101,GEN301"
Koki,Kobayashi,33131131,koki.kobayashi@university.edu,Data Science,"DS601,DS101,DS201,DS301,DS501"
Daisy,Roberts,23789156,daisy.roberts@studium.edu,History,"HIST301,HIST101,HIST201,HIST501"
Ethan,Anderson,93802772,ethan.anderson@educational.edu,Mechanical Engineering,"ME801,ME201,ME501,ME601"
Anna,Mueller,44884419,anna.mueller@studium.edu,Data Science,"DS501,DS601,DS101,DS401,DS301,DS201"
Ming,Liu,57618132,ming.liu@scholar.edu,Fine Arts,"GEN601,GEN301,GEN101,GEN201,GEN501,GEN401"
Rajesh,Kumar,18612264,rajesh.kumar@campus.edu,English Literature,"ENG501,ENG101,ENG201"
Xiaoling,Liu,79075788,xiaoling.liu@institute.edu,Chemistry,"CHEM101,CHEM201,CHEM401,CHEM601"
Arjun,Sharma,27686000,arjun.sharma@university.edu,Sociology,"GEN601,GEN301,GEN401,GEN201,GEN501,GEN101"
Alexander,Becker,49535223,alexander.becker@academia.edu,Business Administration,"BUS101,BUS301,BUS201,BUS601,BUS401,BUS501"
Victoria,Mendoza,48491030,victoria.mendoza@institute.edu,Forestry,"GEN601,GEN201,GEN101,GEN501,GEN301"
Xiaoling,Liu,96956995,xiaoling.liu@academy.edu,Communication,"GEN601,GEN201,GEN401,GEN501,GEN301"
Carmen,Martinez,11687959,carmen.martinez@academia.edu,Physics,"PHYS201,PHYS601,PHYS101,PHYS501,PHYS301"
Aiko,Sato,48024549,aiko.sato@educational.edu,Law,"LAW401,LAW501,LAW601"
Haruto,Sato,61358019,haruto.sato@academy.edu,Music,"GEN101,GEN401,GEN201,GEN501"
Christine,Hoffmann,72131293,christine.hoffmann@college.edu,Education,"GEN401,GEN101,GEN201"
Meiko,Nakamura,29690022,meiko.nakamura@university.edu,Philosophy,"GEN601,GEN401,GEN201,GEN501,GEN101,GEN301"
Avery,Stevens,23612893,avery.stevens@scholar.edu,Political Science,"GEN301,GEN201,GEN601"
Ricardo,Pereira,11040631,ricardo.pereira@college.edu,Civil Engineering,"GEN501,GEN601,GEN201,GEN301,GEN401,GEN101"
Michael,Johnson,78650501,michael.johnson@academy.edu,Astronomy,"GEN501,GEN401,GEN201"
Isabella,Martinez,30291519,isabella.martinez@college.edu,Electrical Engineering,"EE101,EE401,EE601"
Claudine,Laurent,71462361,claudine.laurent@learning.edu,Chemical Engineering,"GEN601,GEN201,GEN101"
Mia,Harris,83560240,mia.harris@campus.edu,Mathematics,"MATH501,MATH601,MATH101,MATH401,MATH301,MATH201"
Anita,Verma,61363871,anita.verma@academy.edu,Chemistry,"CHEM501,CHEM101,CHEM201,CHEM601"
Fang,Yang,95166795,fang.yang@institute.edu,Computer Science,"CS801,CS601,CS101,CS201,CS301,CS501"
Jacob,Ross,90550226,jacob.ross@scholar.edu,Artificial Intelligence,"GEN101,GEN201,GEN401,GEN601"
Freya,Evans,29491897,freya.evans@campus.edu,Astronomy,"GEN501,GEN401,GEN101,GEN201,GEN301"
Ryo,Sasaki,51141164,ryo.sasaki@institute.edu,Economics,"ECON501,ECON601,ECON301,ECON101"
Maria,Becker,99259473,maria.becker@college.edu,Psychology,"PSY101,PSY501,PSY201,PSY401,PSY601,PSY301"
Sora,Inoue,93719252,sora.inoue@campus.edu,Political Science,"GEN201,GEN301,GEN601,GEN101"
Noah,MacGregor,23348620,noah.macgregor@educational.edu,Political Science,"GEN401,GEN601,GEN201"
Henri,Bertrand,58005623,henri.bertrand@institute.edu,Electrical Engineering,"EE601,EE301,EE401,EE201,EE501"
Isabella,Williams,48232618,isabella.williams@studium.edu,Artificial Intelligence,"GEN501,GEN401,GEN201,GEN301,GEN101,GEN601"
Misaki,Yoshida,63086829,misaki.yoshida@institute.edu,Agricultural Science,"GEN101,GEN401,GEN601,GEN501"
Claudine,Laurent,32761557,claudine.laurent1@learning.edu,Physics,"PHYS501,PHYS601,PHYS201,PHYS301,PHYS101"
Meiko,Nakamura,19942265,meiko.nakamura1@university.edu,English Literature,"ENG601,ENG301,ENG501"
Sonia,Lima,64878663,sonia.lima@institute.edu,Biology,"BIO401,BIO101,BIO301,BIO501"
Amelia,Jones,75315267,amelia.jones@scholar.edu,Statistics,"GEN601,GEN401,GEN101,GEN201,GEN301"
Koki,Kobayashi,87432881,koki.kobayashi@scholar.edu,Civil Engineering,"GEN501,GEN301,GEN201,GEN401,GEN601,GEN101"
Victoria,Ford,74905027,victoria.ford@learning.edu,Medicine,"MED601,MED201,MED401,MED101,MED501"
Callum,Brown,68255430,callum.brown@studium.edu,Forestry,"GEN601,GEN101,GEN201"
Lily,Morgan,81234898,lily.morgan1@university.edu,Environmental Science,"GEN201,GEN601,GEN501"
Barbara,Michel,75476880,barbara.michel@academia.edu,Religious Studies,"GEN301,GEN401,GEN201"
Meiko,Nakamura,75543504,meiko.nakamura@studium.edu,Statistics,"GEN501,GEN201,GEN101,GEN301"
Michel,Dubois,62897155,michel.dubois@academia.edu,Civil Engineering,"GEN401,GEN101,GEN601,GEN301,GEN501"
Leticia,Cardoso,20968811,leticia.cardoso@institute.edu,Chemistry,"CHEM401,CHEM201,CHEM601,CHEM101"
Matthew,Lewis,51714776,matthew.lewis@university.edu,Computer Science,"CS601,CS701,CS301"
Fernando,Rocha,92525520,fernando.rocha@academia.edu,Economics,"ECON101,ECON601,ECON401,ECON501,ECON301"
Renata,Alves,57402509,renata.alves@campus.edu,Physics,"PHYS201,PHYS601,PHYS401,PHYS101,PHYS301"
Riko,Takahashi,72876867,riko.takahashi1@academy.edu,Marketing,"GEN501,GEN401,GEN101,GEN201"
Alexander,Thomas,72224730,alexander.thomas@university.edu,Medicine,"MED501,MED101,MED601,MED401,MED301"
Arjun,Sharma,86886100,arjun.sharma@academia.edu,Psychology,"PSY201,PSY301,PSY601,PSY501,PSY401,PSY101"
Sebastian,Taylor,53187378,sebastian.taylor@academia.edu,Computer Science,"CS301,CS601,CS501"
Noah,MacGregor,23601516,noah.macgregor@university.edu,Electrical Engineering,"EE301,EE101,EE701,EE401"
Aiden,MacKenzie,81386511,aiden.mackenzie@studium.edu,Geology,"GEN201,GEN501,GEN601,GEN401,GEN101"
Jack,Thomas,65296614,jack.thomas@studium.edu,Agricultural Science,"GEN201,GEN601,GEN101,GEN401,GEN301"
Lily,Morgan,73601286,lily.morgan@scholar.edu,Music,"GEN301,GEN401,GEN501"
Layla,MacDonald,81971564,layla.macdonald@university.edu,Business Administration,"BUS301,BUS201,BUS601"
Sora,Inoue,29911319,sora.inoue@academia.edu,Chemistry,"CHEM401,CHEM201,CHEM301"
Michael,Meyer,31012555,michael.meyer@academy.edu,Computer Science,"CS801,CS401,CS101,CS301,CS601,CS701"
Vikram,Singh,67292927,vikram.singh@college.edu,Mechanical Engineering,"ME701,ME301,ME101,ME801,ME601,ME201"
Carlos,Garcia,44729366,carlos.garcia@campus.edu,Chemistry,"CHEM601,CHEM101,CHEM201,CHEM301,CHEM401"
Olivia,Wilson,98410976,olivia.wilson@educational.edu,Philosophy,"GEN201,GEN101,GEN501,GEN601,GEN301,GEN401"
Liam,Smith,31759682,liam.smith@academy.edu,Political Science,"GEN401,GEN101,GEN201,GEN601,GEN301"
Alexander,Becker,34323887,alexander.becker@institute.edu,Theatre,"GEN401,GEN201,GEN101,GEN501"
Olivia,Wilson,35486902,olivia.wilson1@studium.edu,Nursing,"GEN101,GEN301,GEN601,GEN501,GEN401,GEN201"
Alain,Garneau,55129060,alain.garneau@university.edu,Psychology,"PSY401,PSY501,PSY601,PSY301,PSY201,PSY101"
Mio,Matsumoto,92944432,mio.matsumoto@educational.edu,Nursing,"GEN601,GEN101,GEN301,GEN501,GEN401"
Victoria,Ford,54837164,victoria.ford@studium.edu,Business Administration,"BUS201,BUS501,BUS301"
Sophia,Miller,63855543,sophia.miller1@college.edu,Music,"GEN301,GEN101,GEN501,GEN201,GEN401,GEN601"
Maria,Rodriguez,53001502,maria.rodriguez@campus.edu,Mathematics,"MATH301,MATH601,MATH401,MATH101"
Sudhir,Gupta,80207388,sudhir.gupta@studium.edu,Astronomy,"GEN201,GEN601,GEN301,GEN101"
Jack,Cameron,42065778,jack.cameron@educational.edu,Physics,"PHYS501,PHYS301,PHYS201"
Pierre,Michel,62305672,pierre.michel@learning.edu,Philosophy,"GEN601,GEN501,GEN301,GEN201"
Maria,Rodriguez,41594992,maria.rodriguez@university.edu,Computer Science,"CS701,CS401,CS801,CS101"
Evelyn,Robinson,57082535,evelyn.robinson@college.edu,Economics,"ECON101,ECON201,ECON501,ECON301,ECON601,ECON401"
Lucas,Grant,34159010,lucas.grant@academia.edu,Economics,"ECON101,ECON501,ECON401,ECON601,ECON201,ECON301"
Hinata,Tanaka,38679549,hinata.tanaka@institute.edu,Information Technology,"IT101,IT301,IT201,IT501,IT401,IT601"
Jack,Walker,48269038,jack.walker@learning.edu,Mathematics,"MATH301,MATH101,MATH601,MATH501,MATH201,MATH401"
Mia,Harris,19691090,mia.harris1@campus.edu,History,"HIST501,HIST401,HIST301"
Nicole,Fournier,10295871,nicole.fournier@college.edu,Mathematics,"MATH201,MATH501,MATH601,MATH401,MATH301"
Daniel,Santiago,32297601,daniel.santiago@studium.edu,Economics,"ECON401,ECON201,ECON301,ECON501,ECON101,ECON601"
Hans,Schneider,88159108,hans.schneider@institute.edu,English Literature,"ENG201,ENG601,ENG401"
Callum,Brown,22923855,callum.brown@educational.edu,Electrical Engineering,"EE701,EE101,EE201,EE801,EE301"
José,Gonzalez,96002967,josé.gonzalez@campus.edu,History,"HIST301,HIST201,HIST601,HIST401,HIST101,HIST501"
Korben,Golding,31289897,korben.golding@scholar.edu,Computer Science,"CS101,CS501,CS201,CS801,CS301,CS601"
James,Smith,53464760,james.smith@academy.edu,Forestry,"GEN601,GEN201,GEN301,GEN101"
Luiz,Almeida,98699697,luiz.almeida@college.edu,Nursing,"GEN301,GEN601,GEN401,GEN201,GEN501,GEN101"
Alexander,Becker,19201521,alexander.becker@scholar.edu,Computer Science,"CS601,CS701,CS301,CS501,CS801"
Roberto,Juarez,59926540,roberto.juarez1@campus.edu,Philosophy,"GEN201,GEN101,GEN501,GEN601,GEN301,GEN401"
Liam,Smith,66559706,liam.smith@college.edu,English Literature,"ENG101,ENG201,ENG401,ENG601"
Victoria,Mendoza,44082345,victoria.mendoza@campus.edu,International Relations,"GEN201,GEN501,GEN601,GEN301,GEN401,GEN101"
Anna,Mueller,94106920,anna.mueller@institute.edu,Psychology,"PSY301,PSY501,PSY201"
Sabine,Weber,59042059,sabine.weber@campus.edu,English Literature,"ENG101,ENG501,ENG301"
Jean,Bernard,99734086,jean.bernard@institute.edu,Environmental Science,"GEN501,GEN401,GEN301"
Aiko,Sato,97202811,aiko.sato1@educational.edu,Economics,"ECON401,ECON101,ECON301,ECON601,ECON501"
Markus,Wagner,10405421,markus.wagner@academia.edu,Forestry,"GEN601,GEN301,GEN501,GEN201,GEN401"
Julia,Wagner,73737967,julia.wagner@educational.edu,Data Science,"DS401,DS301,DS601,DS101"
Hector,Alvarez,68666717,hector.alvarez@institute.edu,Electrical Engineering,"EE601,EE101,EE301,EE801,EE201,EE501"
Charlotte,Taylor,39381959,charlotte.taylor@educational.edu,Business Administration,"BUS201,BUS101,BUS401,BUS601,BUS301"
Carmen,Martinez,60891166,carmen.martinez1@academy.edu,Agricultural Science,"GEN301,GEN101,GEN501,GEN401"
William,Miller,75578790,william.miller@campus.edu,History,"HIST401,HIST301,HIST101,HIST201"
Oliver,Thompson,14555840,oliver.thompson1@learning.edu,Mathematics,"MATH501,MATH401,MATH601,MATH101,MATH301,MATH201"
Poonam,Patel,16990971,poonam.patel@academia.edu,Anthropology,"GEN301,GEN401,GEN101"
Owen,Norman,15947991,owen.norman@scholar.edu,Political Science,"GEN601,GEN301,GEN501,GEN201,GEN401,GEN101"
Oliver,Brown,26932451,oliver.brown@academy.edu,Civil Engineering,"GEN201,GEN301,GEN401,GEN101,GEN601"
Aiden,MacKenzie,30960503,aiden.mackenzie@academy.edu,Communication,"GEN101,GEN501,GEN601,GEN301,GEN401"
Rui,Yamada,25221909,rui.yamada@institute.edu,Economics,"ECON401,ECON601,ECON201"
Rahul,Verma,88386038,rahul.verma@university.edu,Physics,"PHYS501,PHYS101,PHYS401,PHYS201,PHYS601"
Marie,Lefebvre,34456151,marie.lefebvre@educational.edu,History,"HIST101,HIST601,HIST401,HIST301,HIST201,HIST501"
Rui,Yamada,58576565,rui.yamada1@institute.edu,Environmental Science,"GEN101,GEN601,GEN401"
Yuto,Suzuki,32460909,yuto.suzuki@university.edu,History,"HIST201,HIST601,HIST501,HIST301,HIST101,HIST401"
Jacques,Michel,76790967,jacques.michel@educational.edu,English Literature,"ENG201,ENG601,ENG401,ENG301"
Maria,Rodriguez,57932957,maria.rodriguez1@university.edu,Information Technology,"IT301,IT501,IT101,IT601,IT201,IT401"
Stefan,Mueller,51550934,stefan.mueller@college.edu,Mechanical Engineering,"ME801,ME301,ME101,ME601,ME401,ME701"
Meera,Patel,96305525,meera.patel@institute.edu,Mechanical Engineering,"ME301,ME501,ME701"
Grace,Russell,46488676,grace.russell@university.edu,Physics,"PHYS201,PHYS601,PHYS101,PHYS501,PHYS401,PHYS301"
Xia,Wu,29751170,xia.wu@academia.edu,English Literature,"ENG301,ENG201,ENG501"
Elena,Torres,30895224,elena.torres@institute.edu,Economics,"ECON101,ECON301,ECON601,ECON501"
Xia,Wu,15782960,xia.wu2@educational.edu,Electrical Engineering,"EE601,EE401,EE201,EE101"
Hinata,Tanaka,90545294,hinata.tanaka1@scholar.edu,Information Technology,"IT601,IT201,IT101,IT301,IT501"
Patricia,Morales,45698610,patricia.morales@learning.edu,Economics,"ECON501,ECON201,ECON301,ECON101,ECON401,ECON601"
Rui,Yamada,22698099,rui.yamada@academy.edu,Philosophy,"GEN601,GEN401,GEN301,GEN501,GEN101,GEN201"
Stefan,Mueller,36893538,stefan.mueller@institute.edu,Political Science,"GEN101,GEN501,GEN301"
Naresh,Kumar,48910430,naresh.kumar@institute.edu,Chemistry,"CHEM501,CHEM401,CHEM101,CHEM301"
Alain,Garneau,54866749,alain.garneau1@academy.edu,Physics,"PHYS601,PHYS501,PHYS401"
Barbara,Michel,45640007,barbara.michel1@scholar.edu,Computer Science,"CS601,CS801,CS701,CS501,CS201,CS101"
Roberto,Quintana,94771804,roberto.quintana@academy.edu,Business Administration,"BUS401,BUS301,BUS601,BUS501"
Anita,Verma,80362470,anita.verma@college.edu,Business Administration,"BUS601,BUS301,BUS101"
James,Smith,17317443,james.smith@educational.edu,Medicine,"MED501,MED101,MED401,MED201,MED601,MED301"
Luc,Leroy,86603164,luc.leroy@academy.edu,Electrical Engineering,"EE401,EE101,EE301,EE501,EE201,EE601"
Michel,Dubois,15726592,michel.dubois@educational.edu,Psychology,"PSY601,PSY101,PSY401,PSY501,PSY201,PSY301"
Freya,Evans,55551039,freya.evans@studium.edu,Artificial Intelligence,"GEN601,GEN201,GEN101,GEN401"
Monty,Bosch,12369817,monty.bosch@institute.edu,Communication,"GEN201,GEN101,GEN301"
Mia,Harris,82540958,mia.harris1@university.edu,Mathematics,"MATH101,MATH401,MATH501,MATH601,MATH301"
Hong,Zhao,41232609,hong.zhao@academy.edu,Mathematics,"MATH601,MATH101,MATH201,MATH401,MATH501"
Marie,Martin,11488200,marie.martin@scholar.edu,History,"HIST401,HIST601,HIST301,HIST101"
Nicole,Fischer,66830444,nicole.fischer@university.edu,Business Administration,"BUS601,BUS301,BUS101"
William,Wilson,26768216,william.wilson@scholar.edu,Mathematics,"MATH101,MATH601,MATH201,MATH301"
Fang,Yang,72883559,fang.yang1@institute.edu,Psychology,"PSY201,PSY301,PSY601"
Nana,Shimizu,62047239,nana.shimizu@college.edu,Medicine,"MED101,MED201,MED601,MED401,MED301,MED501"
Ryo,Sasaki,40373029,ryo.sasaki@educational.edu,Sociology,"GEN201,GEN401,GEN501"
Mason,Murray,73147223,mason.murray@scholar.edu,Theatre,"GEN201,GEN601,GEN501"
Aiden,MacKenzie,99152020,aiden.mackenzie@academia.edu,Physics,"PHYS201,PHYS401,PHYS301"
Carlos,Garcia,96318176,carlos.garcia@scholar.edu,Astronomy,"GEN101,GEN201,GEN401,GEN501,GEN301,GEN601"
Christine,Hoffmann,74385963,christine.hoffmann@studium.edu,Civil Engineering,"GEN501,GEN601,GEN201"
Hans,Schneider,54280563,hans.schneider@educational.edu,Mechanical Engineering,"ME501,ME401,ME701,ME801,ME301"
Sabine,Weber,86930603,sabine.weber@educational.edu,Computer Science,"CS701,CS601,CS301,CS201,CS801,CS501"
Meera,Patel,74982488,meera.patel@scholar.edu,Law,"LAW601,LAW201,LAW401"
Carmen,Martinez,88963897,carmen.martinez@institute.edu,Biology,"BIO101,BIO501,BIO201,BIO401"
Amelia,Taylor,34493053,amelia.taylor1@college.edu,Political Science,"GEN501,GEN401,GEN201,GEN101,GEN301"
Feng,Li,27032971,feng.li@educational.edu,Computer Science,"CS501,CS801,CS301,CS701,CS101"
Poppy,Davies,68016128,poppy.davies@institute.edu,Nursing,"GEN501,GEN101,GEN201,GEN301,GEN601,GEN401"
Alain,Garneau,12621201,alain.garneau@academia.edu,Computer Science,"CS701,CS401,CS501,CS301"
Evelyn,Robinson,85636293,evelyn.robinson@learning.edu,Agricultural Science,"GEN501,GEN301,GEN601,GEN101"
Yuki,Suzuki,25954679,yuki.suzuki@learning.edu,Agricultural Science,"GEN101,GEN501,GEN601,GEN401,GEN201,GEN301"
Maria,Rodriguez,40286128,maria.rodriguez@institute.edu,Business Administration,"BUS201,BUS401,BUS301,BUS601,BUS501,BUS101"
Daniel,Clark,68849017,daniel.clark@college.edu,Chemistry,"CHEM101,CHEM601,CHEM301"
Lily,Morgan,87613999,lily.morgan2@university.edu,Political Science,"GEN101,GEN301,GEN601,GEN501"
Noah,MacGregor,44803978,noah.macgregor1@campus.edu,Statistics,"GEN601,GEN201,GEN101,GEN301"
Ming,Liu,54984647,ming.liu@institute.edu,Sociology,"GEN201,GEN301,GEN501,GEN101,GEN601,GEN401"
Isabela,Correia,22795537,isabela.correia@university.edu,International Relations,"GEN401,GEN201,GEN101,GEN601,GEN301"
Daniel,Santiago,90568633,daniel.santiago1@academia.edu,Statistics,"GEN201,GEN601,GEN101,GEN401,GEN301,GEN501"
Sophie,Matthews,79507211,sophie.matthews@learning.edu,Mechanical Engineering,"ME701,ME301,ME401,ME801,ME501"
Harry,Wilson,93601423,harry.wilson@educational.edu,History,"HIST101,HIST201,HIST501,HIST301"
Francisco,Medina,46892031,francisco.medina@university.edu,Electrical Engineering,"EE601,EE401,EE701,EE801"
Maria,Santos,74624911,maria.santos@educational.edu,Information Technology,"IT301,IT501,IT401,IT101,IT601,IT201"
Evelyn,Robinson,45093995,evelyn.robinson1@college.edu,Computer Science,"CS801,CS501,CS601,CS701,CS401,CS301"
Carmen,Rodrigues,30656763,carmen.rodrigues@learning.edu,Artificial Intelligence,"GEN301,GEN201,GEN401,GEN501"
Jean,Bernard,41714626,jean.bernard@educational.edu,Chemistry,"CHEM601,CHEM401,CHEM301,CHEM101,CHEM501,CHEM201"
Sunita,Gupta,90993656,sunita.gupta@institute.edu,Economics,"ECON501,ECON301,ECON201,ECON601"
Julia,Wagner,48498381,julia.wagner1@educational.edu,Electrical Engineering,"EE501,EE801,EE301,EE101,EE201"
Mason,Jones,98130612,mason.jones@college.edu,Philosophy,"GEN101,GEN401,GEN601,GEN301,GEN201"
Sarika,Sharma,64977342,sarika.sharma@learning.edu,Environmental Science,"GEN601,GEN201,GEN301,GEN501,GEN401"
Kavita,Sharma,27294701,kavita.sharma@college.edu,Communication,"GEN201,GEN401,GEN601,GEN301,GEN101"
Arjun,Sharma,10149872,arjun.sharma1@college.edu,Mathematics,"MATH301,MATH101,MATH201"
Finlay,Thompson,19390863,finlay.thompson@studium.edu,Biology,"BIO101,BIO301,BIO201,BIO501,BIO601,BIO401"
Ethan,Wood,72318707,ethan.wood@institute.edu,Physics,"PHYS201,PHYS401,PHYS501,PHYS601,PHYS301"
James,Smith,25112604,james.smith@scholar.edu,Civil Engineering,"GEN601,GEN101,GEN501,GEN401"
Poppy,Davies,83118030,poppy.davies1@college.edu,Electrical Engineering,"EE801,EE201,EE501"
Amelia,Taylor,84179640,amelia.taylor@academy.edu,Political Science,"GEN201,GEN401,GEN501,GEN301"
Callum,Brown,91944100,callum.brown@scholar.edu,International Relations,"GEN201,GEN601,GEN101,GEN501"
Feng,Li,95299312,feng.li@institute.edu,History,"HIST601,HIST201,HIST501,HIST301,HIST101,HIST401"
Jacques,Michel,74140388,jacques.michel@college.edu,Theatre,"GEN501,GEN601,GEN401,GEN301,GEN101"
Naresh,Kumar,27523709,naresh.kumar@scholar.edu,Mechanical Engineering,"ME301,ME501,ME601,ME701"
Jacques,Michel,16009665,jacques.michel@learning.edu,Philosophy,"GEN301,GEN201,GEN401,GEN501,GEN601"
Claudine,Laurent,28348499,claudine.laurent@university.edu,Nursing,"GEN101,GEN301,GEN401"
Aiko,Sato,56142102,aiko.sato@college.edu,Biology,"BIO101,BIO401,BIO501,BIO201,BIO601"
Barney,Golding,81087330,barney.golding@learning.edu,Physics,"PHYS601,PHYS101,PHYS301"
Alain,Garneau,69430021,alain.garneau@campus.edu,Economics,"ECON101,ECON301,ECON501,ECON201"
Nicole,Fournier,30420884,nicole.fournier@campus.edu,Anthropology,"GEN301,GEN501,GEN101,GEN601"
Oliver,Thompson,28200434,oliver.thompson@studium.edu,Physics,"PHYS201,PHYS301,PHYS101,PHYS501,PHYS401,PHYS601"
Shiloh,Morris,32238089,shiloh.morris@college.edu,Religious Studies,"GEN601,GEN501,GEN101,GEN201,GEN401,GEN301"
Simon,Moreau,67905322,simon.moreau@academia.edu,Sociology,"GEN601,GEN101,GEN201,GEN401,GEN501,GEN301"
Vijay,Singh,59675169,vijay.singh@learning.edu,Fine Arts,"GEN101,GEN601,GEN501,GEN201,GEN401,GEN301"
Robert,Weber,38862878,robert.weber@academia.edu,Religious Studies,"GEN201,GEN301,GEN601,GEN401,GEN501"
Charlotte,Williams,69036481,charlotte.williams@studium.edu,Economics,"ECON101,ECON501,ECON301,ECON201"
Sebastian,Taylor,95801391,sebastian.taylor@learning.edu,Theatre,"GEN401,GEN101,GEN501"
Lan,Liu,19923463,lan.liu@educational.edu,Sociology,"GEN501,GEN401,GEN101,GEN201,GEN601,GEN301"
Yukiko,Ito,55799194,yukiko.ito@academy.edu,Music,"GEN501,GEN301,GEN101,GEN601,GEN401"
Maria,Santos,82854017,maria.santos@university.edu,Physics,"PHYS601,PHYS101,PHYS501,PHYS301"
Xiaoming,Zhang,45199970,xiaoming.zhang@learning.edu,Philosophy,"GEN101,GEN301,GEN401,GEN201,GEN501,GEN601"
Sophie,Durand,91748337,sophie.durand@learning.edu,Philosophy,"GEN501,GEN101,GEN401,GEN201"
Kyle,MacLeod,17667292,kyle.macleod@academia.edu,Mechanical Engineering,"ME101,ME301,ME201,ME501,ME401"
Freya,Evans,26101165,freya.evans@scholar.edu,Physics,"PHYS301,PHYS101,PHYS501,PHYS401"
Maria,Rodriguez,64819452,maria.rodriguez@academia.edu,Political Science,"GEN201,GEN401,GEN601,GEN301"
Sabine,Weber,57712027,sabine.weber@learning.edu,Communication,"GEN201,GEN601,GEN301,GEN101"
Julia,Wagner,91815679,julia.wagner@college.edu,Biology,"BIO201,BIO301,BIO101,BIO401,BIO501,BIO601"
Michel,Dubois,16589327,michel.dubois@institute.edu,Business Administration,"BUS401,BUS501,BUS301,BUS601,BUS201,BUS101"
Dirk,Schneider,38405627,dirk.schneider@university.edu,Philosophy,"GEN101,GEN601,GEN201"
Maria,Santos,37375131,maria.santos@campus.edu,Mathematics,"MATH401,MATH501,MATH601,MATH201"
Fernando,Rocha,89077295,fernando.rocha@learning.edu,Education,"GEN201,GEN301,GEN501,GEN401,GEN101"
Barney,Golding,90556830,barney.golding@institute.edu,Political Science,"GEN101,GEN401,GEN301,GEN201,GEN501"
Sebastian,Taylor,57640455,sebastian.taylor@college.edu,Nursing,"GEN101,GEN401,GEN301,GEN201,GEN601"
Mia,Murdoch,24952210,mia.murdoch@campus.edu,Economics,"ECON301,ECON401,ECON501,ECON101,ECON201"
Michael,Johnson,17535191,michael.johnson@academia.edu,Forestry,"GEN201,GEN501,GEN101,GEN401,GEN601"
Aiko,Sato,79887094,aiko.sato2@educational.edu,Chemical Engineering,"GEN201,GEN301,GEN501,GEN401,GEN101,GEN601"
Carmen,Martinez,43357302,carmen.martinez@campus.edu,Mechanical Engineering,"ME401,ME501,ME301,ME801,ME201,ME101"
Michael,Meyer,53153514,michael.meyer@university.edu,Anthropology,"GEN401,GEN501,GEN601,GEN101,GEN301,GEN201"
Aisha,Kumar,93434877,aisha.kumar@academia.edu,Civil Engineering,"GEN301,GEN401,GEN101"
Noah,MacGregor,79433664,noah.macgregor1@educational.edu,Marketing,"GEN301,GEN501,GEN401,GEN101,GEN201"
Usha,Patel,48388718,usha.patel@scholar.edu,Computer Science,"CS101,CS201,CS301"
Sabine,Weber,99626386,sabine.weber@institute.edu,Electrical Engineering,"EE501,EE801,EE201,EE401"
Ana,Souza,97653619,ana.souza@campus.edu,Fine Arts,"GEN401,GEN501,GEN201,GEN101,GEN601"
Pedro,Fernandes,62647278,pedro.fernandes@university.edu,Artificial Intelligence,"GEN501,GEN101,GEN601,GEN301,GEN201,GEN401"
Xiaoming,Zhang,12378233,xiaoming.zhang@college.edu,History,"HIST601,HIST201,HIST501,HIST401"
Pedro,Fernandes,63154257,pedro.fernandes@institute.edu,International Relations,"GEN201,GEN101,GEN401,GEN601,GEN501,GEN301"
Yuto,Suzuki,71492278,yuto.suzuki@studium.edu,Economics,"ECON601,ECON401,ECON201,ECON501,ECON101,ECON301"
Jacques,Michel,28554708,jacques.michel@university.edu,Philosophy,"GEN101,GEN601,GEN501,GEN301"
Wei,Wang,84153479,wei.wang@institute.edu,Economics,"ECON101,ECON601,ECON301,ECON501,ECON201,ECON401"
Maria,Rodriguez,30856448,maria.rodriguez@studium.edu,Political Science,"GEN401,GEN201,GEN101,GEN501,GEN301"
Hong,Zhao,74149808,hong.zhao@studium.edu,Biology,"BIO201,BIO501,BIO301,BIO401,BIO601"
Claudine,Laurent,71365907,claudine.laurent@educational.edu,Information Technology,"IT301,IT501,IT401"
Layla,MacDonald,27698054,layla.macdonald@scholar.edu,Mechanical Engineering,"ME801,ME401,ME101"
Aiden,MacKenzie,58422609,aiden.mackenzie1@academy.edu,Chemistry,"CHEM301,CHEM401,CHEM201,CHEM501,CHEM601"
Maria,Becker,80772758,maria.becker@campus.edu,Physics,"PHYS201,PHYS101,PHYS601,PHYS301,PHYS501,PHYS401"
Owen,Norman,50195543,owen.norman@academia.edu,Psychology,"PSY601,PSY301,PSY501"
Hong,Zhao,86429258,hong.zhao@college.edu,Political Science,"GEN101,GEN301,GEN401,GEN501,GEN601"
Oliver,Thompson,88006184,oliver.thompson@university.edu,Business Administration,"BUS201,BUS301,BUS501,BUS601"
Marie,Martin,25235452,marie.martin@educational.edu,Computer Science,"CS401,CS701,CS501,CS201"
Sarika,Sharma,80929729,sarika.sharma@academy.edu,Anthropology,"GEN201,GEN101,GEN601,GEN301,GEN501"
Aiden,MacKenzie,45388929,aiden.mackenzie@scholar.edu,Business Administration,"BUS201,BUS501,BUS401,BUS101,BUS601"
Pierre,Michel,54234040,pierre.michel1@university.edu,Mathematics,"MATH201,MATH101,MATH401,MATH301"
Daniel,Santiago,24917797,daniel.santiago@university.edu,Communication,"GEN201,GEN301,GEN401"
Evelyne,Simon,87654933,evelyne.simon@academia.edu,Philosophy,"GEN301,GEN101,GEN401,GEN501,GEN201"
Shiloh,Morris,27504536,shiloh.morris@scholar.edu,Philosophy,"GEN401,GEN501,GEN201,GEN301"
Korben,Golding,24070969,korben.golding@educational.edu,Biology,"BIO501,BIO101,BIO301,BIO601,BIO201,BIO401"
Koki,Kobayashi,84516842,koki.kobayashi@educational.edu,Economics,"ECON201,ECON401,ECON501,ECON301"
Pierre,Dubois,72467919,pierre.dubois@institute.edu,English Literature,"ENG301,ENG401,ENG501,ENG201,ENG601,ENG101"
Barbara,Michel,54838935,barbara.michel@learning.edu,Sociology,"GEN301,GEN501,GEN401,GEN201,GEN601"
Hong,Zhao,26951189,hong.zhao@institute.edu,Political Science,"GEN201,GEN601,GEN501,GEN401,GEN301,GEN101"
Simon,Moreau,72865408,simon.moreau@university.edu,Medicine,"MED401,MED201,MED601"
Haruka,Abe,40742055,haruka.abe@campus.edu,Marketing,"GEN501,GEN401,GEN601,GEN101,GEN301"
Weiwei,Li,14029037,weiwei.li@learning.edu,Nursing,"GEN501,GEN301,GEN201,GEN401,GEN601"
Mason,Murray,24945142,mason.murray@university.edu,Biology,"BIO201,BIO301,BIO601"
Xia,Wu,94798302,xia.wu1@university.edu,Electrical Engineering,"EE101,EE201,EE601"
Marj,Sayers,74294760,marj.sayers@campus.edu,Information Technology,"IT401,IT201,IT601,IT301,IT501,IT101"
Mia,Harris,10097116,mia.harris@scholar.edu,Civil Engineering,"GEN301,GEN401,GEN201,GEN101,GEN501,GEN601"
Ella,Wilson,12421219,ella.wilson@learning.edu,Biology,"BIO101,BIO301,BIO201,BIO501"
Roberto,Juarez,33292910,roberto.juarez@academia.edu,Mathematics,"MATH201,MATH501,MATH101,MATH401"
Jack,Walker,70002970,jack.walker@studium.edu,Physics,"PHYS301,PHYS101,PHYS401,PHYS601,PHYS501,PHYS201"
Xiaoyu,Liu,16508061,xiaoyu.liu@studium.edu,Physics,"PHYS501,PHYS401,PHYS101,PHYS601,PHYS301,PHYS201"
Haruto,Sato,45029368,haruto.sato@academia.edu,Fine Arts,"GEN401,GEN501,GEN101"
Jack,Cameron,64361995,jack.cameron@scholar.edu,Astronomy,"GEN401,GEN301,GEN201"
Sonia,Lima,18113740,sonia.lima@learning.edu,History,"HIST201,HIST601,HIST501,HIST301,HIST401"
Michel,Dubois,39334367,michel.dubois@campus.edu,International Relations,"GEN401,GEN601,GEN201"
Sarika,Sharma,67198764,sarika.sharma@institute.edu,Anthropology,"GEN601,GEN301,GEN501,GEN201,GEN101"
Florence,Thomas,14456546,florence.thomas@academia.edu,Chemistry,"CHEM101,CHEM201,CHEM401,CHEM501"
Lucia,Chavez,21199673,lucia.chavez@campus.edu,Sociology,"GEN301,GEN601,GEN201"
Vikram,Singh,15977979,vikram.singh@studium.edu,Statistics,"GEN601,GEN101,GEN301"
Alexander,Thomas,35337031,alexander.thomas@academy.edu,Civil Engineering,"GEN601,GEN501,GEN201"
Nana,Shimizu,72882564,nana.shimizu@educational.edu,Philosophy,"GEN301,GEN601,GEN201"
José,Gonzalez,74035508,josé.gonzalez@academia.edu,Economics,"ECON301,ECON101,ECON201,ECON501,ECON401"
Riko,Takahashi,40630016,riko.takahashi@university.edu,History,"HIST601,HIST201,HIST101"
Juan,Perez,93585999,juan.perez1@institute.edu,Physics,"PHYS101,PHYS601,PHYS501,PHYS301,PHYS201"
Emma,Davis,15142744,emma.davis1@scholar.edu,Political Science,"GEN401,GEN601,GEN301,GEN101,GEN201,GEN501"
Sora,Inoue,26114002,sora.inoue@learning.edu,Chemistry,"CHEM101,CHEM401,CHEM601,CHEM501"
Fernando,Rocha,93858354,fernando.rocha1@scholar.edu,English Literature,"ENG501,ENG401,ENG201,ENG601,ENG301,ENG101"
Dongmei,Wang,33506124,dongmei.wang@academy.edu,Anthropology,"GEN501,GEN201,GEN301,GEN101"
Anna,Mueller,31402306,anna.mueller@academia.edu,Environmental Science,"GEN401,GEN201,GEN301,GEN501,GEN101,GEN601"
Harper,Rodriguez,51314408,harper.rodriguez@academy.edu,Law,"LAW501,LAW601,LAW101"
Dolores,Castillo,81945305,dolores.castillo1@educational.edu,Business Administration,"BUS401,BUS601,BUS501"
Yukiko,Ito,84530561,yukiko.ito1@institute.edu,Artificial Intelligence,"GEN401,GEN201,GEN601,GEN101"
Anita,Verma,45793021,anita.verma@university.edu,English Literature,"ENG501,ENG401,ENG601,ENG301"
Heike,Schulz,80238912,heike.schulz@institute.edu,Business Administration,"BUS601,BUS201,BUS501"
Rajesh,Kumar,23370011,rajesh.kumar@educational.edu,Biology,"BIO101,BIO601,BIO201,BIO401,BIO501"
Anne,Laurent,11045135,anne.laurent@studium.edu,Law,"LAW201,LAW401,LAW101,LAW301,LAW501"
Simon,Moreau,53849358,simon.moreau@college.edu,Mathematics,"MATH301,MATH201,MATH401"
Alain,Garneau,27724877,alain.garneau@institute.edu,Fine Arts,"GEN501,GEN301,GEN201,GEN601,GEN101"
Jack,Thomas,16002457,jack.thomas1@studium.edu,Psychology,"PSY201,PSY101,PSY301"
Kavita,Sharma,52499242,kavita.sharma@educational.edu,Theatre,"GEN101,GEN201,GEN601,GEN501"
Ana,Lopez,86685833,ana.lopez@academia.edu,Electrical Engineering,"EE701,EE801,EE301,EE401,EE101"
Rahul,Verma,30210318,rahul.verma@campus.edu,Economics,"ECON201,ECON501,ECON401,ECON101,ECON601,ECON301"
Wenfang,Chen,51693559,wenfang.chen@academy.edu,Medicine,"MED201,MED101,MED501"
Owen,Norman,59541388,owen.norman@university.edu,Electrical Engineering,"EE701,EE401,EE201,EE801"
Jack,Thomas,86203182,jack.thomas@learning.edu,Psychology,"PSY501,PSY201,PSY301,PSY101"
Pedro,Ortiz,70082704,pedro.ortiz@studium.edu,Agricultural Science,"GEN201,GEN101,GEN601"
Carmen,Rodrigues,63216095,carmen.rodrigues@institute.edu,Environmental Science,"GEN201,GEN101,GEN401,GEN501"
Ricardo,Pereira,20281911,ricardo.pereira@academy.edu,Electrical Engineering,"EE501,EE101,EE801"
Sonia,Lima,83197211,sonia.lima@academia.edu,Political Science,"GEN601,GEN201,GEN501,GEN301"
Charlotte,Lewis,13672663,charlotte.lewis@university.edu,Data Science,"DS301,DS601,DS401"
Kavita,Sharma,61217315,kavita.sharma1@scholar.edu,Psychology,"PSY101,PSY501,PSY601,PSY201,PSY401"
Nicole,Fournier,37354367,nicole.fournier1@college.edu,Civil Engineering,"GEN401,GEN301,GEN101,GEN201"
Misaki,Yoshida,92850612,misaki.yoshida@academia.edu,English Literature,"ENG201,ENG101,ENG501,ENG401,ENG301"
Daniel,Clark,75852711,daniel.clark@academy.edu,Economics,"ECON101,ECON401,ECON601,ECON201,ECON301"
Meiko,Nakamura,33204157,meiko.nakamura@academia.edu,Sociology,"GEN501,GEN401,GEN601,GEN201,GEN101"
Stefan,Mueller,56132877,stefan.mueller1@college.edu,Mechanical Engineering,"ME401,ME701,ME101,ME201,ME301,ME601"
Haruto,Sato,96485820,haruto.sato@studium.edu,Marketing,"GEN201,GEN501,GEN601"
Lucas,Campbell,29116176,lucas.campbell@studium.edu,Psychology,"PSY301,PSY601,PSY201"
Hans,Schneider,87724870,hans.schneider@learning.edu,English Literature,"ENG101,ENG301,ENG401,ENG201"
Arjun,Sharma,70367450,arjun.sharma@studium.edu,Data Science,"DS501,DS601,DS201,DS401,DS301,DS101"
William,Miller,37022251,william.miller@studium.edu,Economics,"ECON101,ECON601,ECON201,ECON501"
Isabella,Martinez,31199382,isabella.martinez1@learning.edu,Chemistry,"CHEM201,CHEM401,CHEM501,CHEM101"
Claudine,Laurent,34385327,claudine.laurent@campus.edu,Mathematics,"MATH601,MATH401,MATH101,MATH201"
Finlay,Thompson,68635207,finlay.thompson@institute.edu,Finance,"GEN601,GEN501,GEN301,GEN401,GEN201"
Lucas,Campbell,12534753,lucas.campbell@scholar.edu,Civil Engineering,"GEN401,GEN501,GEN101,GEN201,GEN601,GEN301"
William,Wilson,64097811,william.wilson@academia.edu,Medicine,"MED401,MED601,MED301,MED101"
Amelia,Jones,31743355,amelia.jones@campus.edu,Finance,"GEN601,GEN301,GEN201,GEN501,GEN101,GEN401"
Pierre,Dubois,94991278,pierre.dubois@academia.edu,Forestry,"GEN301,GEN501,GEN401"
Jack,Cameron,59602854,jack.cameron1@scholar.edu,Astronomy,"GEN601,GEN501,GEN101,GEN201,GEN301,GEN401"
Sora,Inoue,62783406,sora.inoue1@academia.edu,Sociology,"GEN501,GEN101,GEN401"
Lilly,Evans,62720401,lilly.evans2@university.edu,Physics,"PHYS401,PHYS201,PHYS301,PHYS601"
Cristina,Dias,82331220,cristina.dias@scholar.edu,Economics,"ECON101,ECON301,ECON501,ECON601,ECON401"
Claudine,Laurent,93190366,claudine.laurent@scholar.edu,Chemistry,"CHEM601,CHEM301,CHEM401,CHEM101,CHEM201"
Heike,Schulz,38266357,heike.schulz@academy.edu,Economics,"ECON101,ECON601,ECON501,ECON301,ECON201,ECON401"
Ella,Wilson,76054013,ella.wilson@university.edu,Theatre,"GEN101,GEN501,GEN301,GEN401"
Rudi,Hawkins,28784965,rudi.hawkins@academia.edu,History,"HIST301,HIST201,HIST601,HIST501,HIST401,HIST101"
Thomas,Fischer,24891810,thomas.fischer@university.edu,Political Science,"GEN401,GEN301,GEN501,GEN601,GEN101,GEN201"
Ming,Liu,80455444,ming.liu1@scholar.edu,Finance,"GEN401,GEN301,GEN201,GEN101,GEN601,GEN501"
Anne,Laurent,63415610,anne.laurent@campus.edu,Chemical Engineering,"GEN501,GEN401,GEN601,GEN301,GEN101,GEN201"
Sudhir,Gupta,10578132,sudhir.gupta@institute.edu,History,"HIST201,HIST301,HIST401,HIST101"
Camila,Mira,71389482,camila.mira@academy.edu,Astronomy,"GEN201,GEN401,GEN301,GEN501,GEN601,GEN101"
Gabriele,Mueller,40069959,gabriele.mueller@academia.edu,Religious Studies,"GEN401,GEN301,GEN501,GEN201,GEN101,GEN601"
Xiaoling,Liu,27967015,xiaoling.liu@scholar.edu,Civil Engineering,"GEN401,GEN101,GEN301,GEN501"
Priya,Singh,62403001,priya.singh@academy.edu,Economics,"ECON101,ECON501,ECON401,ECON201"
Felipe,Matos,49090642,felipe.matos@campus.edu,Biology,"BIO101,BIO601,BIO401,BIO301"
Ethan,Anderson,38713980,ethan.anderson1@campus.edu,Computer Science,"CS101,CS301,CS601,CS801"
Luc,Leroy,72014562,luc.leroy@university.edu,Chemistry,"CHEM301,CHEM201,CHEM501"
Sonia,Lima,71711967,sonia.lima1@academia.edu,Geology,"GEN301,GEN201,GEN501,GEN101"
Grace,Russell,46216086,grace.russell@academy.edu,History,"HIST501,HIST601,HIST401,HIST101,HIST301"
Na,Zhang,81174988,na.zhang@university.edu,Civil Engineering,"GEN501,GEN301,GEN101,GEN201"
Maria,Becker,74454145,maria.becker@academy.edu,History,"HIST101,HIST401,HIST201,HIST501,HIST301,HIST601"
Juan,Perez,51543695,juan.perez@scholar.edu,English Literature,"ENG201,ENG501,ENG101,ENG601"
Amelia,Jackson,11826197,amelia.jackson@campus.edu,Agricultural Science,"GEN101,GEN601,GEN501"
Renata,Alves,78039781,renata.alves@scholar.edu,History,"HIST301,HIST501,HIST601,HIST201,HIST101"
Ren,Watanabe,54804213,ren.watanabe@educational.edu,Finance,"GEN601,GEN301,GEN101,GEN401,GEN201,GEN501"
Robert,Weber,33656721,robert.weber@institute.edu,Philosophy,"GEN201,GEN301,GEN101,GEN501,GEN601,GEN401"
Jean,Bernard,98744298,jean.bernard1@educational.edu,Civil Engineering,"GEN201,GEN101,GEN401,GEN501,GEN301,GEN601"
Imogen,Campbell,39136604,imogen.campbell@campus.edu,English Literature,"ENG601,ENG101,ENG501,ENG401,ENG301"
George,Jones,13998351,george.jones@studium.edu,Geology,"GEN401,GEN501,GEN301,GEN601,GEN201"
João,Oliveira,75271971,joão.oliveira@academia.edu,Theatre,"GEN301,GEN401,GEN501,GEN101"
