first_name,last_name,student_number,student_id,department,courses
Freya,Evans,41343651,freya.evans@educational.edu,Business Administration,"BUS401,BUS601,BUS101,BUS501,BUS201"
Sora,Inoue,55618864,sora.inoue@campus.edu,History,"HIST301,HIST501,HIST401"
Liam,Smith,72035960,liam.smith@educational.edu,Economics,"ECON401,ECON101,ECON301,ECON201"
Emma,Davis,93480780,emma.davis@academia.edu,Environmental Science,"GEN401,GEN301,GEN501,GEN601,GEN101"
Pierre,Dubois,37557977,pierre.dubois@academia.edu,Economics,"ECON301,ECON601,ECON401"
Marcel,Moreau,17346099,marcel.moreau@academia.edu,Marketing,"GEN601,GEN401,GEN501,GEN101,GEN201,GEN301"
Lan,Liu,36253759,lan.liu@studium.edu,Physics,"PHYS401,PHYS501,PHYS201,PHYS101,PHYS601"
Usha,Patel,30105390,usha.patel@university.edu,Computer Science,"CS301,CS201,CS801,CS101"
Amelia,Jackson,12808412,amelia.jackson@institute.edu,Medicine,"MED101,MED301,MED401,MED601,MED201,MED501"
Cristina,Dias,57408862,cristina.dias@learning.edu,Communication,"GEN201,GEN101,GEN601"
William,Graham,25549605,william.graham@educational.edu,Biology,"BIO401,BIO301,BIO601,BIO201,BIO101,BIO501"
Oliver,Thompson,68582666,oliver.thompson@studium.edu,Chemical Engineering,"GEN401,GEN601,GEN501,GEN201"
Carmen,Rodrigues,31051942,carmen.rodrigues@academy.edu,Artificial Intelligence,"GEN101,GEN601,GEN401,GEN301"
Haruto,Sato,36109569,haruto.sato@university.edu,History,"HIST501,HIST401,HIST601,HIST201,HIST301,HIST101"
Sebastian,Taylor,73626918,sebastian.taylor@academia.edu,Anthropology,"GEN201,GEN601,GEN501,GEN301,GEN101"
Daniel,Clark,55150916,daniel.clark@scholar.edu,Biology,"BIO501,BIO601,BIO201,BIO301,BIO101"
Aiko,Sato,23516954,aiko.sato@studium.edu,Forestry,"GEN101,GEN401,GEN301,GEN601"
Priya,Singh,20262410,priya.singh@academia.edu,Psychology,"PSY501,PSY301,PSY101"
Christiane,Simon,20683007,christiane.simon@academy.edu,Theatre,"GEN401,GEN101,GEN201"
Finlay,Thompson,16837555,finlay.thompson@academia.edu,Agricultural Science,"GEN101,GEN601,GEN301,GEN201,GEN401"
Daniel,Santiago,10694062,daniel.santiago@learning.edu,Fine Arts,"GEN201,GEN601,GEN501"
Maria,Becker,19548790,maria.becker@scholar.edu,Business Administration,"BUS301,BUS201,BUS101,BUS601,BUS401"
Alain,Garneau,35769995,alain.garneau@college.edu,English Literature,"ENG601,ENG501,ENG201"
Claudia,Ruiz,86988447,claudia.ruiz@institute.edu,History,"HIST201,HIST401,HIST301,HIST601,HIST501"
William,Graham,68778019,william.graham@university.edu,Religious Studies,"GEN301,GEN601,GEN101,GEN401"
Lucas,Campbell,30587214,lucas.campbell@learning.edu,Philosophy,"GEN101,GEN301,GEN501,GEN401,GEN601"
Claudia,Ruiz,42466644,claudia.ruiz@academy.edu,Physics,"PHYS401,PHYS201,PHYS501,PHYS301,PHYS601"
Evelyne,Simon,44915113,evelyne.simon@academy.edu,Economics,"ECON501,ECON401,ECON301,ECON201,ECON101,ECON601"
Jacob,Ross,95461375,jacob.ross@university.edu,History,"HIST401,HIST301,HIST601"
Zoey,Bell,23188182,zoey.bell@college.edu,Electrical Engineering,"EE101,EE601,EE801,EE501,EE401"
Christine,Hoffmann,41278188,christine.hoffmann@learning.edu,Communication,"GEN201,GEN401,GEN101"
Sunita,Gupta,66166354,sunita.gupta@campus.edu,Business Administration,"BUS101,BUS301,BUS601,BUS501"
Grace,Russell,52740957,grace.russell@institute.edu,Psychology,"PSY501,PSY601,PSY301"
Michael,Johnson,41883413,michael.johnson@institute.edu,Education,"GEN101,GEN201,GEN401,GEN601"
Patricia,Morales,50389958,patricia.morales@educational.edu,Philosophy,"GEN201,GEN301,GEN501"
Jacob,Ross,68072608,jacob.ross@academia.edu,Astronomy,"GEN601,GEN301,GEN501"
Xiaofang,Wang,15336945,xiaofang.wang@college.edu,Civil Engineering,"GEN401,GEN501,GEN601,GEN201,GEN101,GEN301"
William,Miller,28386771,william.miller@scholar.edu,Business Administration,"BUS501,BUS401,BUS301,BUS601,BUS101,BUS201"
Feng,Li,16134282,feng.li@campus.edu,English Literature,"ENG601,ENG501,ENG201,ENG101"
Poppy,Davies,26649312,poppy.davies@university.edu,Civil Engineering,"GEN601,GEN301,GEN501,GEN401,GEN101"
Isabella,Martinez,21476204,isabella.martinez@campus.edu,Mathematics,"MATH301,MATH101,MATH501,MATH601,MATH401"
Usha,Patel,76431394,usha.patel@campus.edu,Chemistry,"CHEM301,CHEM601,CHEM401,CHEM101,CHEM501,CHEM201"
Oliver,Brown,45225871,oliver.brown@campus.edu,Religious Studies,"GEN101,GEN501,GEN401,GEN301"
Ella,Wilson,42413769,ella.wilson@educational.edu,English Literature,"ENG601,ENG101,ENG501,ENG301,ENG401"
Carlos,Silva,66719743,carlos.silva@educational.edu,Sociology,"GEN601,GEN301,GEN501"
Oliver,Thompson,83646281,oliver.thompson@scholar.edu,Marketing,"GEN101,GEN601,GEN201,GEN401,GEN501"
Noah,MacGregor,15832610,noah.macgregor@learning.edu,Civil Engineering,"GEN501,GEN601,GEN101,GEN301,GEN201,GEN401"
Hector,Alvarez,36913881,hector.alvarez@studium.edu,Computer Science,"CS701,CS801,CS201,CS401,CS501"
Zoey,Bell,98765988,zoey.bell@studium.edu,English Literature,"ENG301,ENG501,ENG101,ENG201,ENG601,ENG401"
Meera,Patel,57736025,meera.patel@academy.edu,Biology,"BIO101,BIO201,BIO401,BIO501"
Anita,Verma,54471582,anita.verma@studium.edu,Physics,"PHYS601,PHYS401,PHYS101"
Lilly,Evans,87816726,lilly.evans@educational.edu,Agricultural Science,"GEN601,GEN101,GEN301,GEN401"
Hinata,Tanaka,69324742,hinata.tanaka@studium.edu,Environmental Science,"GEN601,GEN301,GEN401"
Poonam,Patel,57552019,poonam.patel@institute.edu,Nursing,"GEN201,GEN601,GEN101,GEN401,GEN301"
Hector,Alvarez,18988344,hector.alvarez@learning.edu,History,"HIST301,HIST201,HIST501,HIST101,HIST401,HIST601"
Olivia,Wilson,61436756,olivia.wilson@institute.edu,Psychology,"PSY301,PSY501,PSY201,PSY401,PSY601"
Grace,Russell,19574270,grace.russell@university.edu,English Literature,"ENG401,ENG301,ENG201"
Amelia,Jackson,98486312,amelia.jackson@educational.edu,Statistics,"GEN501,GEN401,GEN601,GEN101"
Carmen,Rodrigues,71670739,carmen.rodrigues@campus.edu,Chemical Engineering,"GEN401,GEN301,GEN501"
Rosa,Sanchez,37685073,rosa.sanchez@studium.edu,Philosophy,"GEN101,GEN501,GEN401"
Julia,Wagner,32804362,julia.wagner@university.edu,Computer Science,"CS701,CS101,CS201,CS501,CS801"
Maria,Rodriguez,39757429,maria.rodriguez@campus.edu,Business Administration,"BUS201,BUS601,BUS401"
Katrin,Schneider,84583214,katrin.schneider@university.edu,Environmental Science,"GEN301,GEN401,GEN601,GEN101,GEN201"
Luc,Leroy,85890397,luc.leroy@college.edu,Communication,"GEN101,GEN301,GEN501,GEN201,GEN401"
Tao,Chen,36484873,tao.chen@academy.edu,Political Science,"GEN601,GEN201,GEN101,GEN301,GEN501,GEN401"
Ren,Watanabe,89733916,ren.watanabe@institute.edu,Communication,"GEN501,GEN101,GEN401,GEN601,GEN301,GEN201"
Yuki,Suzuki,22005136,yuki.suzuki@studium.edu,Civil Engineering,"GEN501,GEN601,GEN401,GEN201,GEN101,GEN301"
José,Gonzalez,39014987,josé.gonzalez@educational.edu,Environmental Science,"GEN401,GEN601,GEN201"
Alexander,Thomas,76534601,alexander.thomas@studium.edu,History,"HIST601,HIST301,HIST201,HIST101,HIST401"
Oliver,Thompson,96091387,oliver.thompson@university.edu,History,"HIST401,HIST201,HIST301,HIST501,HIST601,HIST101"
Freya,Evans,18283976,freya.evans@studium.edu,Electrical Engineering,"EE601,EE201,EE801,EE701,EE301,EE101"
Usha,Patel,51908493,usha.patel@learning.edu,Data Science,"DS401,DS201,DS301"
Paula,Costa,75319188,paula.costa@campus.edu,Data Science,"DS101,DS301,DS601"
Ryoto,Takahashi,47941646,ryoto.takahashi@university.edu,Anthropology,"GEN401,GEN301,GEN101,GEN201,GEN601,GEN501"
José,Gonzalez,17015057,josé.gonzalez@studium.edu,Business Administration,"BUS301,BUS401,BUS201,BUS601,BUS101"
Dolores,Castillo,41958250,dolores.castillo@scholar.edu,Civil Engineering,"GEN101,GEN201,GEN401,GEN601"
Hans,Schneider,14222858,hans.schneider@academia.edu,Business Administration,"BUS501,BUS601,BUS401,BUS301"
Antonio,Ramirez,96379738,antonio.ramirez@educational.edu,Artificial Intelligence,"GEN101,GEN501,GEN201,GEN401,GEN601,GEN301"
Rahul,Verma,69647461,rahul.verma@educational.edu,Mechanical Engineering,"ME601,ME101,ME801,ME401,ME201"
Florence,Thomas,59967983,florence.thomas@studium.edu,Forestry,"GEN301,GEN501,GEN601,GEN201"
Simon,Moreau,45843656,simon.moreau@academy.edu,Mechanical Engineering,"ME101,ME501,ME201,ME301,ME601,ME401"
Lucas,Campbell,64259068,lucas.campbell@university.edu,Philosophy,"GEN201,GEN601,GEN301,GEN101,GEN401"
Sebastian,Taylor,92895964,sebastian.taylor1@academia.edu,Economics,"ECON101,ECON301,ECON601"
Haruka,Abe,91983948,haruka.abe@academy.edu,Nursing,"GEN101,GEN601,GEN401"
Alexander,Becker,69889148,alexander.becker@academia.edu,Nursing,"GEN201,GEN601,GEN501,GEN101"
Katrin,Schneider,84916423,katrin.schneider@learning.edu,Biology,"BIO601,BIO301,BIO501"
Hector,Alvarez,95945484,hector.alvarez@educational.edu,Marketing,"GEN501,GEN401,GEN601,GEN101"
Shiloh,Morris,82313323,shiloh.morris@college.edu,Computer Science,"CS201,CS601,CS701"
Xiaoming,Zhang,38622062,xiaoming.zhang@campus.edu,English Literature,"ENG101,ENG401,ENG601,ENG301,ENG201,ENG501"
Callum,Brown,97774585,callum.brown@college.edu,Mechanical Engineering,"ME301,ME201,ME601,ME401"
Yuki,Suzuki,86527475,yuki.suzuki@academy.edu,Mechanical Engineering,"ME601,ME101,ME801"
Hector,Alvarez,72708417,hector.alvarez@institute.edu,Finance,"GEN301,GEN401,GEN601,GEN501,GEN101"
Priya,Singh,60268964,priya.singh@university.edu,Nursing,"GEN601,GEN101,GEN501,GEN201,GEN301"
Elena,Torres,75516733,elena.torres@academy.edu,Law,"LAW401,LAW501,LAW601,LAW101,LAW201"
Roberto,Juarez,93775315,roberto.juarez@learning.edu,Artificial Intelligence,"GEN301,GEN601,GEN101,GEN401"
Christine,Hoffmann,83457382,christine.hoffmann@academia.edu,Biology,"BIO501,BIO601,BIO301,BIO401"
Haiyan,Zhang,51639849,haiyan.zhang@academy.edu,Education,"GEN501,GEN201,GEN101,GEN401,GEN601"
Poppy,Davies,14364067,poppy.davies@institute.edu,Anthropology,"GEN101,GEN501,GEN401"
Thomas,Fischer,82769002,thomas.fischer@academia.edu,Music,"GEN601,GEN401,GEN301,GEN501,GEN101,GEN201"
Sarika,Sharma,81497070,sarika.sharma@institute.edu,Fine Arts,"GEN101,GEN201,GEN501,GEN301,GEN601,GEN401"
Ava,Garcia,17385510,ava.garcia@scholar.edu,Statistics,"GEN501,GEN301,GEN101,GEN401,GEN601,GEN201"
Marie,Lefebvre,64861822,marie.lefebvre@educational.edu,History,"HIST501,HIST101,HIST601,HIST201,HIST301,HIST401"
Jack,Brown,67929976,jack.brown@academy.edu,Mechanical Engineering,"ME701,ME301,ME601,ME501,ME201"
Lucas,Campbell,21768475,lucas.campbell1@learning.edu,Data Science,"DS301,DS101,DS201,DS401,DS501"
Riko,Takahashi,39317602,riko.takahashi@studium.edu,Agricultural Science,"GEN401,GEN301,GEN601"
José,Gonzalez,88327499,josé.gonzalez@academia.edu,Economics,"ECON201,ECON101,ECON501,ECON601"
Maria,Rodriguez,43673404,maria.rodriguez@studium.edu,Information Technology,"IT401,IT501,IT201,IT301,IT601,IT101"
Alain,Garneau,92032804,alain.garneau@studium.edu,Marketing,"GEN101,GEN201,GEN301,GEN501,GEN601"
Hinata,Tanaka,91241348,hinata.tanaka@scholar.edu,Business Administration,"BUS101,BUS301,BUS201,BUS401,BUS501,BUS601"
Ana,Lopez,91788720,ana.lopez@studium.edu,English Literature,"ENG101,ENG601,ENG201,ENG301"
Daniel,Santiago,96126954,daniel.santiago@college.edu,English Literature,"ENG101,ENG201,ENG601,ENG501,ENG301,ENG401"
Layla,MacDonald,43981144,layla.macdonald@scholar.edu,Mechanical Engineering,"ME701,ME301,ME101,ME601,ME401,ME801"
Camila,Mira,76000054,camila.mira@academy.edu,Mechanical Engineering,"ME801,ME101,ME601,ME401"
Olivia,Davis,78026562,olivia.davis@scholar.edu,Mathematics,"MATH201,MATH601,MATH301,MATH501,MATH101,MATH401"
Sandeep,Gupta,50558126,sandeep.gupta@institute.edu,Mechanical Engineering,"ME801,ME301,ME501"
Meiko,Nakamura,40222193,meiko.nakamura@university.edu,History,"HIST401,HIST601,HIST301"
Rahul,Verma,55958355,rahul.verma@scholar.edu,Philosophy,"GEN501,GEN101,GEN401,GEN601"
Ming,Liu,43103432,ming.liu@learning.edu,History,"HIST101,HIST501,HIST201,HIST301,HIST601"
Alexander,Becker,59032550,alexander.becker@scholar.edu,Philosophy,"GEN601,GEN201,GEN301,GEN101"
Weiwei,Li,23185048,weiwei.li@academy.edu,Chemistry,"CHEM201,CHEM501,CHEM401"
Lilly,Evans,96297058,lilly.evans1@educational.edu,Astronomy,"GEN301,GEN601,GEN501"
Carmen,Rodrigues,66325914,carmen.rodrigues@learning.edu,Psychology,"PSY601,PSY201,PSY101,PSY401"
Mason,Jones,14730127,mason.jones@academia.edu,Computer Science,"CS301,CS401,CS801,CS701,CS601,CS501"
Patricia,Morales,15974292,patricia.morales@institute.edu,Information Technology,"IT501,IT301,IT201,IT401"
Charlotte,Williams,67352588,charlotte.williams@university.edu,Law,"LAW201,LAW501,LAW301"
Ryo,Sasaki,84265378,ryo.sasaki@studium.edu,History,"HIST501,HIST601,HIST301"
Carlos,Garcia,53481232,carlos.garcia@academia.edu,Biology,"BIO301,BIO501,BIO201"
Ella,Fisher,66075814,ella.fisher@academia.edu,Astronomy,"GEN201,GEN401,GEN301"
Lata,Verma,79958941,lata.verma@academia.edu,Nursing,"GEN201,GEN101,GEN301,GEN601"
Jacques,Michel,12055198,jacques.michel@scholar.edu,Philosophy,"GEN201,GEN101,GEN601,GEN301,GEN401"
Thomas,Fischer,27764807,thomas.fischer@learning.edu,Physics,"PHYS101,PHYS301,PHYS501,PHYS401"
Gabriele,Mueller,55549840,gabriele.mueller@studium.edu,Artificial Intelligence,"GEN201,GEN301,GEN501,GEN401,GEN601"
Owen,Norman,57921783,owen.norman@academia.edu,Environmental Science,"GEN401,GEN201,GEN101,GEN301,GEN601,GEN501"
Jacques,Michel,63383081,jacques.michel@studium.edu,Computer Science,"CS201,CS401,CS601,CS101,CS301,CS701"
Pierre,Dubois,28385610,pierre.dubois@university.edu,Mathematics,"MATH501,MATH101,MATH201,MATH301,MATH601"
Rui,Yamada,53427092,rui.yamada@campus.edu,Civil Engineering,"GEN201,GEN401,GEN501,GEN601"
Daniel,Santiago,51467161,daniel.santiago1@college.edu,Law,"LAW101,LAW601,LAW501"
Carlos,Garcia,83615433,carlos.garcia@learning.edu,Psychology,"PSY301,PSY101,PSY401,PSY601,PSY201"
Avery,Stevens,50137214,avery.stevens@college.edu,Data Science,"DS401,DS101,DS601,DS501,DS201"
Olivia,Davis,80383838,olivia.davis1@scholar.edu,Finance,"GEN201,GEN301,GEN101,GEN401,GEN601"
Haiyan,Zhang,66036844,haiyan.zhang@campus.edu,Environmental Science,"GEN201,GEN601,GEN501,GEN301"
Stefan,Mueller,53325380,stefan.mueller@academia.edu,English Literature,"ENG601,ENG501,ENG201"
Oliver,Brown,61207279,oliver.brown@institute.edu,Civil Engineering,"GEN201,GEN401,GEN101,GEN601,GEN501,GEN301"
Carmen,Martinez,39482698,carmen.martinez@scholar.edu,Mathematics,"MATH501,MATH101,MATH301,MATH401"
Ryo,Sasaki,91158924,ryo.sasaki@academy.edu,Electrical Engineering,"EE501,EE801,EE401"
Isabella,Williams,61043525,isabella.williams@academy.edu,Theatre,"GEN401,GEN101,GEN201"
Peter,Schulz,32757335,peter.schulz@scholar.edu,Civil Engineering,"GEN601,GEN201,GEN101"
Logan,Stewart,45523664,logan.stewart@university.edu,Mathematics,"MATH201,MATH401,MATH601"
Yukiko,Ito,76588605,yukiko.ito@academy.edu,Electrical Engineering,"EE501,EE401,EE701,EE801,EE301,EE101"
Yukiko,Ito,58150280,yukiko.ito@university.edu,Physics,"PHYS401,PHYS601,PHYS101,PHYS201"
Alain,Garneau,19169357,alain.garneau1@college.edu,Civil Engineering,"GEN601,GEN101,GEN401"
Pedro,Ortiz,98993845,pedro.ortiz@academia.edu,Agricultural Science,"GEN501,GEN201,GEN101,GEN301,GEN601,GEN401"
Carmen,Rodrigues,81196501,carmen.rodrigues1@academy.edu,Religious Studies,"GEN401,GEN501,GEN301,GEN201"
Oliver,Brown,28095417,oliver.brown@college.edu,English Literature,"ENG101,ENG601,ENG301"
Ming,Liu,90692284,ming.liu@university.edu,Political Science,"GEN601,GEN201,GEN101"
Haruto,Sato,93410688,haruto.sato@educational.edu,Fine Arts,"GEN501,GEN201,GEN401,GEN601"
Victoria,Mendoza,14206731,victoria.mendoza@educational.edu,Mechanical Engineering,"ME701,ME501,ME601,ME301,ME101,ME201"
Usha,Patel,50258642,usha.patel1@university.edu,Electrical Engineering,"EE401,EE801,EE301,EE201,EE101"
Naresh,Kumar,19088942,naresh.kumar@studium.edu,Mechanical Engineering,"ME601,ME801,ME401,ME101"
Ming,Liu,42060572,ming.liu@campus.edu,History,"HIST601,HIST401,HIST101,HIST501,HIST201"
Xia,Wu,79532517,xia.wu@college.edu,Business Administration,"BUS101,BUS601,BUS501,BUS301,BUS201"
Yukiko,Ito,76725571,yukiko.ito@educational.edu,History,"HIST101,HIST601,HIST301"
Kyle,MacLeod,58401753,kyle.macleod@learning.edu,Civil Engineering,"GEN601,GEN201,GEN101,GEN501"
Kavita,Sharma,32397238,kavita.sharma@academy.edu,Artificial Intelligence,"GEN401,GEN201,GEN501,GEN601,GEN101,GEN301"
Ella,Fisher,66599544,ella.fisher@scholar.edu,Biology,"BIO401,BIO501,BIO601,BIO201,BIO301,BIO101"
Luis,Flores,19864617,luis.flores@educational.edu,Sociology,"GEN601,GEN301,GEN201"
Simon,Moreau,22305057,simon.moreau@college.edu,Chemistry,"CHEM501,CHEM601,CHEM201"
Vijay,Singh,63820875,vijay.singh@institute.edu,Chemistry,"CHEM601,CHEM501,CHEM301,CHEM101,CHEM201"
Juan,Perez,99019676,juan.perez@academy.edu,International Relations,"GEN201,GEN401,GEN501,GEN101,GEN301"
Olivia,Davis,48734239,olivia.davis@institute.edu,International Relations,"GEN601,GEN301,GEN401"
Jack,Walker,75770615,jack.walker@scholar.edu,Law,"LAW301,LAW201,LAW401,LAW101,LAW501,LAW601"
Jean,Bernard,26164543,jean.bernard@college.edu,Geology,"GEN601,GEN501,GEN401"
Jack,Cameron,36612454,jack.cameron@learning.edu,Forestry,"GEN201,GEN101,GEN301,GEN501,GEN601"
Victoria,Mendoza,26713374,victoria.mendoza@studium.edu,Political Science,"GEN401,GEN301,GEN201"
Daniel,Clark,39817220,daniel.clark@college.edu,Political Science,"GEN401,GEN501,GEN601,GEN101,GEN201"
Harper,Rodriguez,44684533,harper.rodriguez@learning.edu,Economics,"ECON501,ECON201,ECON301"
Ethan,Anderson,89272347,ethan.anderson@academia.edu,Mathematics,"MATH601,MATH501,MATH101,MATH401,MATH301,MATH201"
Rudi,Hawkins,83543460,rudi.hawkins@campus.edu,Music,"GEN301,GEN201,GEN401,GEN601,GEN501,GEN101"
Nico,Bombardiere,61258669,nico.bombardiere@campus.edu,Computer Science,"CS401,CS701,CS501,CS301,CS201,CS801"
Tao,Chen,81309982,tao.chen1@academy.edu,Mechanical Engineering,"ME301,ME501,ME701"
Francisco,Medina,12710751,francisco.medina@educational.edu,Information Technology,"IT601,IT301,IT501,IT101,IT201"
Ravi,Patel,16866197,ravi.patel@academia.edu,Electrical Engineering,"EE801,EE201,EE601,EE301,EE101"
Claudine,Laurent,32344413,claudine.laurent@university.edu,Chemistry,"CHEM501,CHEM401,CHEM201"
Luiz,Almeida,74767627,luiz.almeida@academy.edu,Civil Engineering,"GEN301,GEN401,GEN201,GEN101"
Lily,Morgan,57971741,lily.morgan@academy.edu,Music,"GEN301,GEN501,GEN401,GEN201,GEN601"
Olivia,Wilson,95958436,olivia.wilson@university.edu,Nursing,"GEN301,GEN501,GEN101"
Heike,Schulz,85777133,heike.schulz@college.edu,Mechanical Engineering,"ME501,ME301,ME601,ME401"
Barbara,Michel,30515514,barbara.michel@scholar.edu,Mechanical Engineering,"ME101,ME201,ME301"
Barbara,Michel,44757039,barbara.michel@university.edu,Chemical Engineering,"GEN201,GEN301,GEN401,GEN101,GEN501"
Lucas,Grant,18222408,lucas.grant@educational.edu,Physics,"PHYS401,PHYS601,PHYS101,PHYS301"
Ravi,Patel,62166229,ravi.patel1@academia.edu,English Literature,"ENG201,ENG401,ENG101,ENG301"
Yuki,Suzuki,73299183,yuki.suzuki@university.edu,Data Science,"DS201,DS301,DS401,DS601,DS501"
Marie,Lefebvre,95789141,marie.lefebvre@academia.edu,Anthropology,"GEN601,GEN301,GEN201,GEN101,GEN501"
Liam,MacDonald,99897793,liam.macdonald@scholar.edu,Economics,"ECON601,ECON201,ECON101,ECON301,ECON401"
Dolores,Castillo,31804939,dolores.castillo@academy.edu,History,"HIST501,HIST201,HIST601,HIST301,HIST101,HIST401"
Leticia,Cardoso,41633619,leticia.cardoso@learning.edu,Chemical Engineering,"GEN101,GEN601,GEN201,GEN401,GEN301"
João,Oliveira,30775193,joão.oliveira@learning.edu,Philosophy,"GEN301,GEN201,GEN501,GEN601,GEN101"
Sophie,Durand,47201263,sophie.durand@scholar.edu,Mathematics,"MATH201,MATH301,MATH501,MATH401,MATH601"
Dongmei,Wang,77410425,dongmei.wang@college.edu,Philosophy,"GEN201,GEN601,GEN301,GEN401,GEN501"
Hong,Zhao,34678106,hong.zhao@academia.edu,Nursing,"GEN201,GEN101,GEN501,GEN301,GEN601"
Carmen,Martinez,15952739,carmen.martinez@university.edu,Marketing,"GEN301,GEN601,GEN501,GEN101"
Yukiko,Ito,92941233,yukiko.ito1@academy.edu,English Literature,"ENG301,ENG601,ENG201,ENG401,ENG501"
Logan,Stewart,57600265,logan.stewart@educational.edu,History,"HIST501,HIST301,HIST601"
Fernando,Rocha,17051366,fernando.rocha@campus.edu,Physics,"PHYS501,PHYS101,PHYS301,PHYS401,PHYS201,PHYS601"
Charlotte,Williams,83243650,charlotte.williams@campus.edu,Medicine,"MED201,MED101,MED501,MED601,MED401,MED301"
Sandra,Meyer,40164916,sandra.meyer@college.edu,Mechanical Engineering,"ME501,ME801,ME401,ME601"
Sunita,Gupta,13926482,sunita.gupta@academia.edu,Nursing,"GEN401,GEN201,GEN501,GEN301,GEN101"
Sarika,Sharma,93694202,sarika.sharma@university.edu,Philosophy,"GEN301,GEN601,GEN401,GEN201"
Mason,Jones,78841048,mason.jones@campus.edu,English Literature,"ENG101,ENG401,ENG301,ENG501,ENG201"
Renata,Alves,59325198,renata.alves@academy.edu,Physics,"PHYS101,PHYS301,PHYS501,PHYS201,PHYS401,PHYS601"
Evelyn,Robinson,21668334,evelyn.robinson@college.edu,Physics,"PHYS101,PHYS601,PHYS401"
Luc,Leroy,50348200,luc.leroy@academy.edu,Fine Arts,"GEN501,GEN201,GEN101,GEN601"
Charlotte,Williams,96510793,charlotte.williams1@campus.edu,Astronomy,"GEN301,GEN201,GEN101,GEN401,GEN501,GEN601"
Naresh,Kumar,88202121,naresh.kumar@institute.edu,Environmental Science,"GEN301,GEN101,GEN501,GEN601"
Renata,Alves,78856619,renata.alves@studium.edu,Civil Engineering,"GEN201,GEN101,GEN501,GEN401,GEN301,GEN601"
Yukiko,Ito,95039184,yukiko.ito@college.edu,Biology,"BIO401,BIO501,BIO601,BIO101"
Jacques,Michel,83915223,jacques.michel@academy.edu,Environmental Science,"GEN201,GEN401,GEN501,GEN301,GEN101"
Logan,Stewart,62085094,logan.stewart1@university.edu,Mechanical Engineering,"ME601,ME101,ME801,ME401,ME201"
Jacob,Ross,46961712,jacob.ross@scholar.edu,Philosophy,"GEN601,GEN501,GEN401,GEN101"
Amelia,Taylor,14877005,amelia.taylor@academia.edu,Civil Engineering,"GEN401,GEN201,GEN601,GEN501,GEN301"
Claudine,Laurent,58642080,claudine.laurent@college.edu,Civil Engineering,"GEN601,GEN401,GEN101,GEN201"
Avery,Stevens,78119768,avery.stevens@learning.edu,Nursing,"GEN301,GEN601,GEN501,GEN201"
Poppy,Davies,92856648,poppy.davies@studium.edu,Economics,"ECON101,ECON401,ECON601"
Lan,Liu,92167304,lan.liu@academy.edu,Electrical Engineering,"EE401,EE801,EE601,EE101"
Simon,Moreau,75771908,simon.moreau@institute.edu,English Literature,"ENG401,ENG201,ENG601,ENG501"
Matthew,Lewis,76657763,matthew.lewis@campus.edu,Economics,"ECON301,ECON501,ECON401,ECON101,ECON601,ECON201"
Nico,Bombardiere,47878919,nico.bombardiere1@campus.edu,Philosophy,"GEN601,GEN301,GEN201,GEN101,GEN501"
Luiz,Almeida,48269849,luiz.almeida@university.edu,Mechanical Engineering,"ME101,ME601,ME501,ME701,ME401,ME201"
Yuki,Suzuki,41689741,yuki.suzuki1@studium.edu,Political Science,"GEN501,GEN401,GEN101"
Carmen,Martinez,70096419,carmen.martinez@college.edu,Political Science,"GEN401,GEN501,GEN601,GEN301"
Ren,Watanabe,38934669,ren.watanabe@learning.edu,Psychology,"PSY201,PSY601,PSY301,PSY101,PSY501,PSY401"
Amelia,Jones,79379891,amelia.jones@scholar.edu,Data Science,"DS101,DS401,DS601"
Jack,Thomas,97055563,jack.thomas@university.edu,Economics,"ECON601,ECON201,ECON401,ECON101,ECON501"
Dongmei,Wang,49566744,dongmei.wang@studium.edu,Music,"GEN301,GEN101,GEN201"
Katrin,Schneider,98484420,katrin.schneider@institute.edu,Electrical Engineering,"EE301,EE601,EE501"
Barbara,Michel,52639014,barbara.michel@academy.edu,Marketing,"GEN201,GEN601,GEN101,GEN301"
Owen,Norman,29265240,owen.norman@learning.edu,Mechanical Engineering,"ME301,ME101,ME501,ME801,ME701,ME201"
Alexander,Becker,45261110,alexander.becker1@academia.edu,Medicine,"MED101,MED601,MED401"
Kavita,Sharma,90647117,kavita.sharma@educational.edu,English Literature,"ENG101,ENG201,ENG401"
Amit,Sharma,50527921,amit.sharma@university.edu,Mechanical Engineering,"ME501,ME801,ME101"
Sebastian,Taylor,73703985,sebastian.taylor2@academia.edu,Biology,"BIO301,BIO401,BIO501,BIO601"
Ricardo,Pereira,75733138,ricardo.pereira@college.edu,Physics,"PHYS201,PHYS401,PHYS101,PHYS501,PHYS301"
Jean,Bernard,28705221,jean.bernard1@college.edu,Agricultural Science,"GEN201,GEN301,GEN601,GEN501"
Ana,Souza,62536688,ana.souza@university.edu,Computer Science,"CS401,CS801,CS301,CS701,CS101,CS501"
Isabella,Martinez,89190276,isabella.martinez@institute.edu,Electrical Engineering,"EE501,EE601,EE101,EE401,EE201"
Fernando,Rocha,34354975,fernando.rocha@academy.edu,Anthropology,"GEN401,GEN601,GEN501"
Christine,Hoffmann,78301326,christine.hoffmann@campus.edu,Computer Science,"CS401,CS701,CS101,CS501,CS801"
Marie,Lefebvre,84713392,marie.lefebvre@university.edu,Mechanical Engineering,"ME401,ME601,ME301,ME201"
Misaki,Yoshida,53138101,misaki.yoshida@scholar.edu,Astronomy,"GEN101,GEN401,GEN301,GEN601"
Dirk,Schneider,16773614,dirk.schneider@studium.edu,Computer Science,"CS601,CS401,CS801,CS201,CS101"
Ethan,Wood,45577415,ethan.wood@academia.edu,Mechanical Engineering,"ME201,ME301,ME801,ME401,ME601,ME101"
Marie,Martin,51865719,marie.martin@academia.edu,Data Science,"DS601,DS501,DS101,DS401,DS301,DS201"
Heike,Schulz,37938668,heike.schulz@scholar.edu,Electrical Engineering,"EE801,EE301,EE201,EE601"
Renata,Alves,49530529,renata.alves@campus.edu,English Literature,"ENG401,ENG201,ENG301,ENG501,ENG101"
Harper,Rodriguez,21837832,harper.rodriguez@campus.edu,Environmental Science,"GEN101,GEN401,GEN501,GEN601,GEN301,GEN201"
Rajesh,Kumar,39099944,rajesh.kumar@academy.edu,English Literature,"ENG401,ENG501,ENG101,ENG601,ENG201"
Florence,Thomas,91993138,florence.thomas@university.edu,Mechanical Engineering,"ME501,ME601,ME301"
William,Miller,55474705,william.miller@campus.edu,Chemistry,"CHEM401,CHEM301,CHEM101,CHEM501,CHEM201,CHEM601"
Haruto,Sato,50022248,haruto.sato1@university.edu,Economics,"ECON401,ECON201,ECON101,ECON301"
Tao,Chen,14592640,tao.chen@educational.edu,History,"HIST401,HIST301,HIST601,HIST101,HIST201"
Sora,Inoue,84134199,sora.inoue@scholar.edu,Psychology,"PSY601,PSY501,PSY101,PSY301"
Sandeep,Gupta,73803790,sandeep.gupta@academy.edu,Political Science,"GEN201,GEN101,GEN601,GEN301"
Sakura,Tanaka,30527991,sakura.tanaka@institute.edu,Agricultural Science,"GEN401,GEN601,GEN301"
Mia,Harris,62499711,mia.harris@learning.edu,Chemical Engineering,"GEN401,GEN201,GEN101,GEN501"
Feng,Li,85693146,feng.li@learning.edu,Political Science,"GEN601,GEN501,GEN201,GEN401"
Sabine,Weber,49292360,sabine.weber@university.edu,Physics,"PHYS101,PHYS601,PHYS201,PHYS401,PHYS301"
Callum,Brown,83162048,callum.brown@institute.edu,Political Science,"GEN101,GEN201,GEN601,GEN301"
Francisco,Medina,50761768,francisco.medina@academia.edu,Philosophy,"GEN201,GEN301,GEN101,GEN601,GEN401"
Ethan,Wood,33428723,ethan.wood1@academia.edu,Philosophy,"GEN401,GEN201,GEN101"
Julia,Wagner,84202478,julia.wagner@scholar.edu,Artificial Intelligence,"GEN201,GEN301,GEN601,GEN101,GEN501,GEN401"
Haruka,Abe,79096318,haruka.abe@campus.edu,History,"HIST101,HIST201,HIST601,HIST401,HIST501,HIST301"
Simon,Moreau,12807428,simon.moreau@educational.edu,Mathematics,"MATH201,MATH101,MATH301,MATH601,MATH501,MATH401"
Benjamin,White,17653130,benjamin.white@academy.edu,Chemistry,"CHEM201,CHEM501,CHEM301"
Gang,Xu,32631468,gang.xu@university.edu,Chemistry,"CHEM301,CHEM601,CHEM101,CHEM501,CHEM401"
Olivia,Davis,53644846,olivia.davis@university.edu,Political Science,"GEN401,GEN101,GEN601,GEN201,GEN501,GEN301"
Haruto,Sato,13745028,haruto.sato@scholar.edu,English Literature,"ENG201,ENG501,ENG301"
Isabella,Martinez,22497447,isabella.martinez@university.edu,Chemistry,"CHEM401,CHEM301,CHEM201,CHEM101"
Liam,MacDonald,90956623,liam.macdonald@college.edu,Chemistry,"CHEM201,CHEM301,CHEM101,CHEM501,CHEM401,CHEM601"
Poonam,Patel,57846092,poonam.patel@scholar.edu,Electrical Engineering,"EE301,EE401,EE801"
Xiaofang,Wang,58160878,xiaofang.wang1@college.edu,Political Science,"GEN401,GEN501,GEN301,GEN201,GEN601"
Charlotte,Lewis,84887875,charlotte.lewis@university.edu,English Literature,"ENG101,ENG501,ENG601,ENG401,ENG301"
Layla,MacDonald,21222794,layla.macdonald@university.edu,Mechanical Engineering,"ME501,ME301,ME201"
Leticia,Cardoso,48296155,leticia.cardoso@institute.edu,Biology,"BIO201,BIO401,BIO101,BIO601"
Marie,Martin,45700674,marie.martin@educational.edu,Information Technology,"IT101,IT301,IT501,IT401,IT601"
Julia,Wagner,29776203,julia.wagner@institute.edu,Chemical Engineering,"GEN101,GEN401,GEN301,GEN601,GEN201"
Ren,Watanabe,49926216,ren.watanabe@educational.edu,Theatre,"GEN101,GEN401,GEN601,GEN501,GEN301,GEN201"
Catherine,Rousseau,51420187,catherine.rousseau@educational.edu,Mechanical Engineering,"ME501,ME301,ME201,ME101"
Henri,Bertrand,15452762,henri.bertrand@institute.edu,Marketing,"GEN301,GEN401,GEN601"
Hong,Zhao,29067993,hong.zhao@university.edu,Psychology,"PSY101,PSY201,PSY501,PSY601,PSY301"
Pierre,Michel,35708686,pierre.michel@institute.edu,Theatre,"GEN601,GEN201,GEN401,GEN301,GEN101,GEN501"
Rahul,Verma,54513508,rahul.verma@institute.edu,History,"HIST101,HIST601,HIST301,HIST201,HIST501,HIST401"
Sakura,Tanaka,73568831,sakura.tanaka@educational.edu,International Relations,"GEN201,GEN301,GEN401,GEN601,GEN501,GEN101"
Roberto,Quintana,69651304,roberto.quintana@academia.edu,Psychology,"PSY201,PSY401,PSY301,PSY101,PSY601"
Hui,Yang,70114250,hui.yang@academia.edu,English Literature,"ENG101,ENG301,ENG601,ENG401"
Owen,Norman,22291330,owen.norman@university.edu,Geology,"GEN201,GEN101,GEN301"
Vijay,Singh,39407592,vijay.singh@university.edu,Civil Engineering,"GEN201,GEN401,GEN301,GEN101"
Kavita,Sharma,30472750,kavita.sharma1@academy.edu,Marketing,"GEN101,GEN401,GEN301"
Aisha,Kumar,78259511,aisha.kumar@college.edu,Biology,"BIO501,BIO301,BIO401"
Evelyn,Robinson,43568885,evelyn.robinson@institute.edu,Mathematics,"MATH301,MATH201,MATH501"
Claudine,Laurent,89678973,claudine.laurent@scholar.edu,Chemistry,"CHEM601,CHEM401,CHEM101"
Freya,Evans,83267798,freya.evans@academia.edu,Communication,"GEN501,GEN101,GEN301"
Carmen,Martinez,25408779,carmen.martinez@academia.edu,Finance,"GEN201,GEN401,GEN501"
Misaki,Yoshida,23942558,misaki.yoshida@university.edu,Psychology,"PSY201,PSY301,PSY401,PSY601,PSY101,PSY501"
Gang,Xu,53959092,gang.xu@studium.edu,Fine Arts,"GEN201,GEN301,GEN101,GEN501,GEN401,GEN601"
Evelyn,Robinson,49708711,evelyn.robinson@academy.edu,Sociology,"GEN101,GEN201,GEN401,GEN501,GEN601,GEN301"
Haruka,Abe,53679813,haruka.abe@university.edu,Business Administration,"BUS301,BUS501,BUS201"
Maria,Rodriguez,76839667,maria.rodriguez@academia.edu,Communication,"GEN201,GEN301,GEN401"
Elena,Torres,41070130,elena.torres@university.edu,English Literature,"ENG601,ENG301,ENG201,ENG101,ENG501,ENG401"
Haiyan,Zhang,87245456,haiyan.zhang@college.edu,Biology,"BIO301,BIO101,BIO501,BIO201,BIO601"
Koki,Kobayashi,13026266,koki.kobayashi@academy.edu,Electrical Engineering,"EE201,EE401,EE601,EE801,EE701"
Anna,Mueller,93183081,anna.mueller@institute.edu,Fine Arts,"GEN101,GEN301,GEN601,GEN401,GEN501,GEN201"
Fang,Yang,97631798,fang.yang@academia.edu,Economics,"ECON401,ECON301,ECON501,ECON101,ECON201"
Wolfgang,Hoffmann,88515763,wolfgang.hoffmann@educational.edu,International Relations,"GEN301,GEN101,GEN201,GEN401"
Antonio,Ramirez,32372403,antonio.ramirez@studium.edu,Economics,"ECON601,ECON101,ECON201,ECON501,ECON401"
James,Smith,92285954,james.smith@university.edu,Nursing,"GEN501,GEN401,GEN301"
Benjamin,Taylor,47142184,benjamin.taylor@educational.edu,Chemistry,"CHEM201,CHEM401,CHEM101,CHEM501"
Dirk,Schneider,49740646,dirk.schneider@academia.edu,Environmental Science,"GEN601,GEN101,GEN301,GEN401"
Sabine,Weber,22566672,sabine.weber@academy.edu,Economics,"ECON501,ECON401,ECON201"
Ashley,Martins,13659005,ashley.martins@university.edu,Electrical Engineering,"EE101,EE401,EE801,EE501"
Ricardo,Pereira,61877179,ricardo.pereira@academia.edu,Electrical Engineering,"EE101,EE501,EE801,EE201,EE301"
Ana,Souza,19568028,ana.souza@studium.edu,Mathematics,"MATH601,MATH301,MATH201,MATH501"
Dongmei,Wang,13888983,dongmei.wang@academia.edu,Political Science,"GEN501,GEN401,GEN301,GEN101"
Michael,Johnson,85046325,michael.johnson@educational.edu,Artificial Intelligence,"GEN401,GEN301,GEN101,GEN501,GEN201"
Mia,Murdoch,97159042,mia.murdoch@learning.edu,Political Science,"GEN501,GEN101,GEN301,GEN401,GEN601,GEN201"
Lucas,Grant,60049725,lucas.grant@campus.edu,Theatre,"GEN301,GEN601,GEN201,GEN401,GEN101,GEN501"
Sakura,Tanaka,53481721,sakura.tanaka@scholar.edu,Mathematics,"MATH401,MATH601,MATH201,MATH101"
Anita,Verma,23077847,anita.verma@academy.edu,Computer Science,"CS601,CS301,CS801,CS201,CS101"
William,Wilson,56367525,william.wilson@studium.edu,Political Science,"GEN201,GEN601,GEN301"
Dolores,Castillo,44951744,dolores.castillo@university.edu,Mechanical Engineering,"ME101,ME701,ME201,ME301,ME501,ME801"
Hui,Yang,54395345,hui.yang@studium.edu,Philosophy,"GEN401,GEN501,GEN601,GEN101"
Daniel,Clark,16337061,daniel.clark@academia.edu,Biology,"BIO301,BIO401,BIO601"
Koki,Kobayashi,87150878,koki.kobayashi@studium.edu,Physics,"PHYS101,PHYS301,PHYS401,PHYS501,PHYS601,PHYS201"
Maria,Santos,55372480,maria.santos@educational.edu,Agricultural Science,"GEN101,GEN201,GEN401,GEN301"
Poonam,Patel,50091060,poonam.patel@college.edu,Nursing,"GEN501,GEN601,GEN401,GEN201,GEN101"
Ryo,Sasaki,14817952,ryo.sasaki@academia.edu,English Literature,"ENG301,ENG101,ENG501,ENG401,ENG201,ENG601"
Riko,Takahashi,49027382,riko.takahashi@educational.edu,Mechanical Engineering,"ME601,ME201,ME501,ME701,ME301,ME401"
Ana,Lopez,91074279,ana.lopez@educational.edu,Economics,"ECON201,ECON501,ECON101,ECON401"
Pedro,Ortiz,72006688,pedro.ortiz@academy.edu,Information Technology,"IT201,IT401,IT301,IT601,IT501"
Liam,MacDonald,66704774,liam.macdonald@academy.edu,Economics,"ECON501,ECON301,ECON201,ECON401,ECON101,ECON601"
Ravi,Patel,39651452,ravi.patel@learning.edu,Education,"GEN201,GEN401,GEN501,GEN601,GEN301,GEN101"
Rudi,Hawkins,30845173,rudi.hawkins@studium.edu,Political Science,"GEN101,GEN201,GEN601,GEN301,GEN501,GEN401"
Victoria,Mendoza,84843371,victoria.mendoza@college.edu,English Literature,"ENG601,ENG201,ENG401,ENG501,ENG101"
Felipe,Matos,62368894,felipe.matos@college.edu,Biology,"BIO601,BIO301,BIO101,BIO401"
Harry,Wilson,22533505,harry.wilson@educational.edu,Statistics,"GEN601,GEN101,GEN201,GEN301,GEN401"
Paula,Costa,56465889,paula.costa@university.edu,Mechanical Engineering,"ME601,ME301,ME801,ME701,ME401"
Xiaofang,Wang,28051932,xiaofang.wang@scholar.edu,Biology,"BIO501,BIO101,BIO301,BIO201"
Julia,Wagner,29209416,julia.wagner1@university.edu,English Literature,"ENG101,ENG401,ENG301,ENG501,ENG601"
Mia,Harris,15234124,mia.harris@college.edu,History,"HIST501,HIST601,HIST101"
Lucas,Grant,19350020,lucas.grant1@educational.edu,Civil Engineering,"GEN501,GEN601,GEN201,GEN401,GEN101"
Peter,Schulz,56250270,peter.schulz@university.edu,Electrical Engineering,"EE601,EE101,EE501,EE201,EE301,EE701"
Jacob,Ross,75322698,jacob.ross@campus.edu,Geology,"GEN401,GEN301,GEN101"
Nicole,Fournier,64948140,nicole.fournier@college.edu,Chemistry,"CHEM601,CHEM101,CHEM501,CHEM201"
Leticia,Cardoso,71491385,leticia.cardoso@academia.edu,Data Science,"DS201,DS101,DS301,DS501,DS401"
Lilly,Evans,45781231,lilly.evans@university.edu,Chemistry,"CHEM601,CHEM101,CHEM201,CHEM501,CHEM401,CHEM301"
Daisy,Roberts,88806143,daisy.roberts@studium.edu,Biology,"BIO501,BIO601,BIO301,BIO201,BIO401"
Misaki,Yoshida,83744406,misaki.yoshida@studium.edu,History,"HIST401,HIST501,HIST101"
Claudia,Ruiz,57419491,claudia.ruiz1@academy.edu,Mechanical Engineering,"ME701,ME801,ME501"
Cristina,Dias,15526899,cristina.dias1@learning.edu,History,"HIST301,HIST401,HIST201"
Felipe,Matos,47530223,felipe.matos@studium.edu,Finance,"GEN401,GEN101,GEN301,GEN601"
Lucas,Grant,66068564,lucas.grant@academia.edu,Philosophy,"GEN601,GEN501,GEN101,GEN401,GEN301,GEN201"
Carmen,Martinez,41509604,carmen.martinez@educational.edu,Fine Arts,"GEN401,GEN301,GEN501,GEN201,GEN101,GEN601"
Sonia,Lima,65382079,sonia.lima@college.edu,Information Technology,"IT301,IT401,IT501,IT601,IT201"
Vikram,Singh,42379082,vikram.singh@university.edu,Data Science,"DS401,DS601,DS101,DS201"
Poppy,Davies,76744699,poppy.davies@academy.edu,Anthropology,"GEN501,GEN301,GEN601,GEN101"
Ashley,Martins,55331842,ashley.martins@campus.edu,History,"HIST401,HIST301,HIST501,HIST101,HIST601"
Mason,Murray,56608713,mason.murray@learning.edu,Civil Engineering,"GEN401,GEN101,GEN301,GEN601,GEN201"
Sonia,Lima,76864988,sonia.lima1@college.edu,Economics,"ECON401,ECON601,ECON501,ECON301,ECON201"
Mio,Matsumoto,38055198,mio.matsumoto@learning.edu,Communication,"GEN301,GEN201,GEN601,GEN501,GEN401"
Jack,Thomas,44496651,jack.thomas@academia.edu,Law,"LAW301,LAW501,LAW201,LAW401"
Noah,MacGregor,42159965,noah.macgregor@campus.edu,Communication,"GEN501,GEN101,GEN401,GEN601,GEN201,GEN301"
Lata,Verma,69104629,lata.verma@educational.edu,Theatre,"GEN501,GEN601,GEN301,GEN101,GEN401"
Nicole,Fischer,41995816,nicole.fischer@academy.edu,History,"HIST501,HIST101,HIST601,HIST401,HIST301,HIST201"
Matthew,Lewis,26633552,matthew.lewis@academy.edu,Chemistry,"CHEM301,CHEM601,CHEM501,CHEM401,CHEM201"
Olivia,Wilson,41116878,olivia.wilson@studium.edu,Computer Science,"CS101,CS601,CS201,CS801"
Daisy,Roberts,87040795,daisy.roberts@academy.edu,Astronomy,"GEN401,GEN101,GEN301,GEN601,GEN201"
Layla,MacDonald,85350058,layla.macdonald1@university.edu,Medicine,"MED101,MED401,MED301"
Anna,Mueller,71383466,anna.mueller@university.edu,Education,"GEN301,GEN201,GEN501,GEN601,GEN401,GEN101"
Ava,Garcia,67983922,ava.garcia@academy.edu,Psychology,"PSY101,PSY401,PSY601,PSY201"
Elena,Torres,96796448,elena.torres@academia.edu,Finance,"GEN401,GEN501,GEN201"
Ella,Wilson,53843937,ella.wilson1@educational.edu,Finance,"GEN301,GEN201,GEN401,GEN101,GEN601,GEN501"
Xiaoling,Liu,69158968,xiaoling.liu@learning.edu,Statistics,"GEN101,GEN401,GEN501,GEN601,GEN301"
Michael,Johnson,88496954,michael.johnson@academy.edu,Communication,"GEN301,GEN401,GEN601,GEN201"
Stefan,Mueller,63661414,stefan.mueller@studium.edu,Environmental Science,"GEN301,GEN601,GEN401,GEN501,GEN101"
Lily,Morgan,39648706,lily.morgan@university.edu,Biology,"BIO401,BIO501,BIO301,BIO101"
Markus,Wagner,65837678,markus.wagner@scholar.edu,Law,"LAW401,LAW101,LAW501"
Roberto,Juarez,52321674,roberto.juarez1@learning.edu,Business Administration,"BUS501,BUS401,BUS601"
Barney,Golding,11965478,barney.golding@learning.edu,Computer Science,"CS201,CS401,CS101"
Isabela,Correia,43935861,isabela.correia@campus.edu,Civil Engineering,"GEN201,GEN401,GEN101"
Freya,Evans,21591329,freya.evans@learning.edu,Computer Science,"CS501,CS101,CS301,CS201"
Marie,Martin,26364559,marie.martin1@educational.edu,Psychology,"PSY501,PSY301,PSY601,PSY401,PSY201,PSY101"
Marie,Martin,57441488,marie.martin@institute.edu,Physics,"PHYS301,PHYS501,PHYS101,PHYS401,PHYS201"
Henri,Bertrand,65461228,henri.bertrand@learning.edu,Finance,"GEN501,GEN401,GEN201"
Xiaoming,Zhang,44472928,xiaoming.zhang@institute.edu,Political Science,"GEN501,GEN601,GEN101,GEN301,GEN401,GEN201"
Pierre,Michel,70855971,pierre.michel@studium.edu,Agricultural Science,"GEN401,GEN101,GEN201,GEN301,GEN601,GEN501"
Quinn,Hawker,16289446,quinn.hawker@learning.edu,Astronomy,"GEN301,GEN401,GEN601,GEN101,GEN501"
Tao,Chen,28508420,tao.chen@academia.edu,Electrical Engineering,"EE501,EE301,EE101"
Alexander,Thomas,54127181,alexander.thomas@academia.edu,Electrical Engineering,"EE401,EE801,EE301"
Victoria,Ford,52718483,victoria.ford@educational.edu,Communication,"GEN201,GEN601,GEN301,GEN101,GEN501"
Felipe,Matos,40235631,felipe.matos@educational.edu,Political Science,"GEN601,GEN201,GEN301,GEN401,GEN501"
Catherine,Rousseau,49071524,catherine.rousseau@learning.edu,Forestry,"GEN301,GEN601,GEN201,GEN501,GEN401,GEN101"
Harper,Rodriguez,29704668,harper.rodriguez@institute.edu,Sociology,"GEN401,GEN601,GEN101,GEN301"
Maria,Rodriguez,23544128,maria.rodriguez@scholar.edu,Computer Science,"CS101,CS701,CS201"
Nicole,Fischer,57782471,nicole.fischer@academia.edu,History,"HIST201,HIST301,HIST401,HIST501"
Logan,Stewart,81870272,logan.stewart2@university.edu,Psychology,"PSY501,PSY201,PSY401,PSY101,PSY601,PSY301"
Fernando,Rocha,66357379,fernando.rocha@university.edu,Agricultural Science,"GEN601,GEN501,GEN201,GEN301,GEN101"
Victoria,Mendoza,61819985,victoria.mendoza@campus.edu,Biology,"BIO401,BIO301,BIO601,BIO501,BIO201,BIO101"
Rudi,Hawkins,46674646,rudi.hawkins@academia.edu,Information Technology,"IT201,IT601,IT301,IT401"
Jack,Cameron,90460698,jack.cameron1@learning.edu,Mechanical Engineering,"ME201,ME601,ME701"
Lucia,Chavez,81416829,lucia.chavez@campus.edu,English Literature,"ENG301,ENG501,ENG201,ENG601,ENG401,ENG101"
Ryoto,Takahashi,17616543,ryoto.takahashi@college.edu,Medicine,"MED201,MED501,MED301,MED101"
Lily,Morgan,53084805,lily.morgan@college.edu,Forestry,"GEN101,GEN601,GEN501,GEN301,GEN401,GEN201"
Ryoto,Takahashi,17408706,ryoto.takahashi@institute.edu,Music,"GEN501,GEN101,GEN301,GEN401"
Ella,Fisher,12860719,ella.fisher@learning.edu,Economics,"ECON501,ECON401,ECON301,ECON101,ECON201"
Jack,Thomas,65365062,jack.thomas@educational.edu,Theatre,"GEN401,GEN301,GEN101,GEN501"
Rahul,Verma,49356706,rahul.verma1@educational.edu,Chemistry,"CHEM101,CHEM401,CHEM301,CHEM501,CHEM601,CHEM201"
Kyle,MacLeod,64310251,kyle.macleod@studium.edu,History,"HIST401,HIST501,HIST201"
Nicole,Fischer,72263648,nicole.fischer1@academy.edu,Education,"GEN601,GEN501,GEN401"
Henri,Bertrand,23804600,henri.bertrand1@institute.edu,Agricultural Science,"GEN201,GEN401,GEN301,GEN501,GEN601,GEN101"
Charlotte,Taylor,89303168,charlotte.taylor@studium.edu,Physics,"PHYS601,PHYS301,PHYS501"
Yuki,Suzuki,24992614,yuki.suzuki1@university.edu,Chemical Engineering,"GEN301,GEN501,GEN601"
Victoria,Mendoza,30347037,victoria.mendoza@institute.edu,Statistics,"GEN501,GEN101,GEN401"
Weiwei,Li,22490310,weiwei.li@college.edu,Philosophy,"GEN601,GEN301,GEN401,GEN201,GEN501"
Mason,Jones,45411595,mason.jones@scholar.edu,Civil Engineering,"GEN601,GEN401,GEN301"
Carmen,Rodrigues,11912846,carmen.rodrigues@academia.edu,International Relations,"GEN101,GEN601,GEN301"
Rahul,Verma,38860649,rahul.verma@campus.edu,Computer Science,"CS801,CS301,CS101,CS201,CS501"
Lilly,Evans,55997035,lilly.evans@academia.edu,Mathematics,"MATH601,MATH401,MATH501,MATH301,MATH101,MATH201"
Quinn,Hawker,54303516,quinn.hawker1@learning.edu,Electrical Engineering,"EE501,EE101,EE801,EE301"
Liam,MacDonald,68166046,liam.macdonald@studium.edu,English Literature,"ENG501,ENG101,ENG201,ENG301,ENG601,ENG401"
Yukiko,Ito,49944612,yukiko.ito1@university.edu,Communication,"GEN401,GEN101,GEN201,GEN501,GEN601,GEN301"
Charlotte,Taylor,71216865,charlotte.taylor@educational.edu,Biology,"BIO201,BIO601,BIO401,BIO301,BIO101,BIO501"
Koki,Kobayashi,13781785,koki.kobayashi@learning.edu,Philosophy,"GEN601,GEN401,GEN201,GEN101,GEN501"
Poonam,Patel,32303294,poonam.patel@educational.edu,Finance,"GEN201,GEN401,GEN601,GEN301"
Felipe,Matos,66298952,felipe.matos@learning.edu,Civil Engineering,"GEN301,GEN101,GEN401,GEN601"
Sandra,Meyer,76751152,sandra.meyer1@college.edu,International Relations,"GEN301,GEN201,GEN501"
Sora,Inoue,86068638,sora.inoue@university.edu,Biology,"BIO201,BIO601,BIO501"
Vikram,Singh,13171028,vikram.singh@studium.edu,Geology,"GEN401,GEN301,GEN501,GEN101"
Benjamin,Taylor,19141580,benjamin.taylor@university.edu,Finance,"GEN101,GEN301,GEN201,GEN601"
Mio,Matsumoto,22327853,mio.matsumoto1@learning.edu,Law,"LAW501,LAW401,LAW201"
Olivia,Davis,78105892,olivia.davis@academy.edu,Anthropology,"GEN301,GEN401,GEN601,GEN101,GEN501,GEN201"
Harry,Wilson,49480829,harry.wilson@academia.edu,Philosophy,"GEN601,GEN301,GEN101"
Sunita,Gupta,83789115,sunita.gupta@college.edu,Mechanical Engineering,"ME101,ME601,ME501"
Xia,Wu,86266785,xia.wu@learning.edu,Electrical Engineering,"EE701,EE301,EE201,EE501,EE801"
Maria,Santos,27696478,maria.santos@academia.edu,Mathematics,"MATH301,MATH401,MATH201,MATH601,MATH101"
Oliver,Thompson,86692170,oliver.thompson@campus.edu,Psychology,"PSY101,PSY601,PSY201,PSY401"
Lucas,Grant,82344264,lucas.grant@academy.edu,Electrical Engineering,"EE701,EE601,EE401,EE201"
Jack,Brown,59844643,jack.brown1@academy.edu,English Literature,"ENG601,ENG401,ENG101,ENG301"
Alexander,Becker,72518057,alexander.becker@college.edu,Computer Science,"CS601,CS401,CS201"
Hector,Alvarez,10551419,hector.alvarez@university.edu,Medicine,"MED201,MED401,MED601,MED101,MED301,MED501"
Renata,Alves,83176551,renata.alves@institute.edu,Statistics,"GEN201,GEN101,GEN601,GEN301"
Hector,Alvarez,10628518,hector.alvarez1@learning.edu,Forestry,"GEN201,GEN101,GEN401"
Ana,Lopez,71858619,ana.lopez@academia.edu,Music,"GEN501,GEN201,GEN301,GEN601"
Thomas,Fischer,80074225,thomas.fischer@campus.edu,Mechanical Engineering,"ME201,ME301,ME501,ME801"
Ana,Lopez,42063889,ana.lopez@university.edu,Artificial Intelligence,"GEN501,GEN101,GEN601,GEN401"
Gabriele,Mueller,67313827,gabriele.mueller@scholar.edu,Data Science,"DS401,DS501,DS601,DS301,DS101,DS201"
Rajesh,Kumar,32863624,rajesh.kumar@university.edu,Computer Science,"CS401,CS601,CS201"
Luiz,Almeida,51880199,luiz.almeida1@academy.edu,Music,"GEN301,GEN201,GEN401,GEN601"
Nicole,Fischer,48197017,nicole.fischer@studium.edu,Psychology,"PSY101,PSY201,PSY501,PSY601,PSY301,PSY401"
Gabriele,Mueller,15793716,gabriele.mueller@academia.edu,Computer Science,"CS801,CS701,CS301,CS201"
Sophie,Matthews,36219898,sophie.matthews@institute.edu,Business Administration,"BUS501,BUS401,BUS101,BUS301,BUS601"
Ren,Watanabe,13136540,ren.watanabe@campus.edu,History,"HIST401,HIST601,HIST201,HIST501"
Daisy,Roberts,40771261,daisy.roberts@college.edu,Mathematics,"MATH401,MATH601,MATH201,MATH101,MATH301"
Hinata,Tanaka,77339182,hinata.tanaka1@studium.edu,Mechanical Engineering,"ME801,ME101,ME301,ME201,ME601,ME401"
Grace,Russell,81087598,grace.russell@campus.edu,Economics,"ECON101,ECON301,ECON601"
Sandra,Meyer,22623865,sandra.meyer@campus.edu,Civil Engineering,"GEN401,GEN101,GEN601,GEN301"
Xiaofang,Wang,72070768,xiaofang.wang2@college.edu,Astronomy,"GEN401,GEN601,GEN101"
Thomas,Fischer,91767699,thomas.fischer@institute.edu,Anthropology,"GEN301,GEN501,GEN201,GEN601,GEN401"
Wenfang,Chen,23648754,wenfang.chen@educational.edu,Biology,"BIO201,BIO401,BIO101,BIO601"
Sora,Inoue,79574929,sora.inoue@academia.edu,Economics,"ECON301,ECON101,ECON401"
Meiko,Nakamura,90089865,meiko.nakamura1@university.edu,Statistics,"GEN101,GEN501,GEN301"
Michel,Dubois,96456104,michel.dubois@learning.edu,Civil Engineering,"GEN601,GEN101,GEN201"
Jacob,Ross,98433709,jacob.ross1@university.edu,Political Science,"GEN501,GEN101,GEN201,GEN601,GEN401,GEN301"
Ana,Lopez,44716765,ana.lopez@scholar.edu,Chemical Engineering,"GEN401,GEN601,GEN201,GEN501"
Priya,Singh,68604364,priya.singh@studium.edu,English Literature,"ENG401,ENG501,ENG601,ENG201,ENG101"
Ella,Fisher,42548195,ella.fisher@institute.edu,Marketing,"GEN301,GEN501,GEN201,GEN601"
Yuki,Suzuki,97766907,yuki.suzuki@institute.edu,Business Administration,"BUS301,BUS101,BUS501,BUS401,BUS201,BUS601"
Katrin,Schneider,26834627,katrin.schneider@academia.edu,Mathematics,"MATH201,MATH401,MATH501,MATH601"
Callum,Brown,81429778,callum.brown1@institute.edu,Chemistry,"CHEM201,CHEM501,CHEM301,CHEM601"
Jacques,Michel,88086767,jacques.michel1@studium.edu,Chemistry,"CHEM601,CHEM301,CHEM201"
Sophia,Miller,54844561,sophia.miller@academia.edu,Psychology,"PSY301,PSY101,PSY601,PSY201,PSY401"
Barney,Golding,87256663,barney.golding@academia.edu,Sociology,"GEN301,GEN601,GEN101,GEN401"
João,Oliveira,11990020,joão.oliveira@educational.edu,Geology,"GEN601,GEN401,GEN101,GEN301"
José,Gonzalez,80827890,josé.gonzalez1@educational.edu,Law,"LAW101,LAW301,LAW401,LAW201"
Barbara,Michel,94928814,barbara.michel@campus.edu,Economics,"ECON101,ECON401,ECON501"
Miguel,Hernandez,28731226,miguel.hernandez@scholar.edu,Geology,"GEN301,GEN101,GEN401"
Usha,Patel,49895311,usha.patel@academy.edu,Computer Science,"CS301,CS201,CS501,CS601"
Grace,Russell,92377578,grace.russell1@university.edu,Computer Science,"CS501,CS301,CS101,CS601,CS201,CS701"
Nicole,Fischer,24233366,nicole.fischer@scholar.edu,Nursing,"GEN201,GEN101,GEN301,GEN601,GEN401,GEN501"
Daniel,Clark,51224784,daniel.clark@campus.edu,Geology,"GEN501,GEN201,GEN401,GEN101,GEN601,GEN301"
Weiwei,Li,92912782,weiwei.li@university.edu,Mechanical Engineering,"ME801,ME301,ME101,ME201,ME401,ME601"
Owen,Norman,87636833,owen.norman@educational.edu,Artificial Intelligence,"GEN301,GEN401,GEN501"
Fang,Yang,14094236,fang.yang@college.edu,History,"HIST201,HIST401,HIST501,HIST601,HIST101"
Lilly,Evans,93366487,lilly.evans@institute.edu,Biology,"BIO301,BIO401,BIO201,BIO501"
Isabela,Correia,42992149,isabela.correia@educational.edu,Physics,"PHYS301,PHYS101,PHYS501"
Rosa,Sanchez,56827669,rosa.sanchez@college.edu,Sociology,"GEN501,GEN201,GEN301,GEN601"
Carlos,Silva,28804279,carlos.silva@academia.edu,Nursing,"GEN401,GEN601,GEN301"
João,Oliveira,32592178,joão.oliveira@scholar.edu,Environmental Science,"GEN301,GEN401,GEN501,GEN101,GEN201"
Michel,Dubois,65084123,michel.dubois@academia.edu,Electrical Engineering,"EE101,EE301,EE201,EE501,EE701,EE801"
Antonio,Ramirez,53282863,antonio.ramirez@learning.edu,Law,"LAW101,LAW601,LAW301,LAW401"
Fang,Yang,18436451,fang.yang1@academia.edu,History,"HIST501,HIST101,HIST401,HIST201"
Vikram,Singh,93082085,vikram.singh@learning.edu,Anthropology,"GEN101,GEN201,GEN401,GEN601,GEN301"
Liam,MacDonald,63463655,liam.macdonald@campus.edu,Computer Science,"CS201,CS801,CS701,CS501,CS401,CS601"
Lan,Liu,75040748,lan.liu@college.edu,Information Technology,"IT601,IT501,IT101,IT301"
Li,Zhang,92297617,li.zhang@university.edu,Agricultural Science,"GEN501,GEN601,GEN301,GEN401"
Priya,Singh,47444009,priya.singh1@studium.edu,Geology,"GEN401,GEN201,GEN101"
James,Smith,68859179,james.smith@educational.edu,Finance,"GEN301,GEN501,GEN401,GEN201,GEN101"
Ravi,Patel,35202058,ravi.patel2@academia.edu,Fine Arts,"GEN501,GEN601,GEN301,GEN201"
Xiaoyu,Liu,55846168,xiaoyu.liu@institute.edu,Computer Science,"CS601,CS701,CS801,CS501"
Alexander,Thomas,22109271,alexander.thomas@learning.edu,History,"HIST601,HIST401,HIST501,HIST301,HIST101,HIST201"
Sarika,Sharma,56572169,sarika.sharma@campus.edu,Electrical Engineering,"EE701,EE101,EE201,EE301"
Jack,Cameron,66324477,jack.cameron@campus.edu,English Literature,"ENG501,ENG301,ENG601,ENG101"
Emma,Davis,62859267,emma.davis1@academia.edu,Civil Engineering,"GEN101,GEN401,GEN201,GEN301"
Li,Zhang,55904579,li.zhang1@university.edu,Computer Science,"CS501,CS801,CS601"
Ethan,Anderson,83581664,ethan.anderson@studium.edu,Computer Science,"CS501,CS401,CS601,CS101,CS701,CS801"
Haruto,Sato,30777648,haruto.sato@academy.edu,Civil Engineering,"GEN501,GEN601,GEN201,GEN101"
James,Smith,62889476,james.smith@academy.edu,Chemical Engineering,"GEN401,GEN601,GEN301,GEN201"
Carmen,Martinez,40345402,carmen.martinez@learning.edu,Medicine,"MED401,MED301,MED101,MED501,MED601,MED201"
Shiloh,Morris,92910948,shiloh.morris@studium.edu,Environmental Science,"GEN601,GEN501,GEN201,GEN101,GEN301"
Olivia,Wilson,83800209,olivia.wilson@scholar.edu,History,"HIST601,HIST301,HIST401,HIST101"
Amit,Sharma,62192999,amit.sharma@college.edu,Philosophy,"GEN301,GEN601,GEN501,GEN201,GEN101"
Meera,Patel,84206382,meera.patel@academia.edu,Electrical Engineering,"EE801,EE701,EE401,EE101"
Xiaofang,Wang,75789762,xiaofang.wang@university.edu,Psychology,"PSY101,PSY401,PSY201"
Anita,Verma,86868981,anita.verma1@studium.edu,Geology,"GEN601,GEN301,GEN101,GEN201"
Jacques,Michel,97459032,jacques.michel2@studium.edu,Mathematics,"MATH501,MATH301,MATH601"
Dongmei,Wang,24294234,dongmei.wang@campus.edu,Physics,"PHYS601,PHYS101,PHYS501,PHYS401,PHYS301,PHYS201"
Barbara,Michel,25420796,barbara.michel@academia.edu,Biology,"BIO601,BIO301,BIO501,BIO401,BIO101,BIO201"
Rui,Yamada,70140642,rui.yamada@university.edu,Psychology,"PSY201,PSY301,PSY401,PSY601,PSY101,PSY501"
Callum,Brown,64671738,callum.brown@university.edu,Psychology,"PSY301,PSY601,PSY201,PSY401"
Juan,Perez,55770303,juan.perez@scholar.edu,Theatre,"GEN601,GEN101,GEN501"
Yuki,Suzuki,99277605,yuki.suzuki1@institute.edu,Physics,"PHYS101,PHYS401,PHYS201"
Anna,Mueller,90953935,anna.mueller1@university.edu,Information Technology,"IT101,IT401,IT501,IT301"
Isabella,Martinez,92500854,isabella.martinez1@campus.edu,Political Science,"GEN201,GEN101,GEN501,GEN401,GEN601,GEN301"
Fang,Yang,57952261,fang.yang@learning.edu,Political Science,"GEN601,GEN501,GEN101,GEN301"
Ella,Fisher,72035632,ella.fisher1@learning.edu,Philosophy,"GEN601,GEN301,GEN401,GEN101"
Catherine,Rousseau,99023539,catherine.rousseau@college.edu,Data Science,"DS201,DS601,DS401,DS301,DS501"
Juan,Perez,74280213,juan.perez@institute.edu,Chemistry,"CHEM101,CHEM401,CHEM501,CHEM601,CHEM201,CHEM301"
José,Gonzalez,78675434,josé.gonzalez2@educational.edu,Biology,"BIO301,BIO401,BIO501,BIO201"
Dongmei,Wang,20945958,dongmei.wang@academy.edu,Civil Engineering,"GEN501,GEN301,GEN201"
Poonam,Patel,48729106,poonam.patel1@scholar.edu,Education,"GEN601,GEN101,GEN401,GEN301,GEN501"
Mia,Murdoch,86959271,mia.murdoch@campus.edu,Business Administration,"BUS101,BUS601,BUS501,BUS401,BUS301,BUS201"
Fang,Yang,15398852,fang.yang2@academia.edu,Law,"LAW501,LAW601,LAW301,LAW201,LAW401"
Luis,Flores,80577138,luis.flores@campus.edu,Geology,"GEN201,GEN601,GEN501"
Hector,Alvarez,81402938,hector.alvarez1@studium.edu,Business Administration,"BUS101,BUS501,BUS301,BUS601"
Charlotte,Taylor,38738449,charlotte.taylor@college.edu,Civil Engineering,"GEN401,GEN501,GEN101,GEN201,GEN301"
Evelyne,Simon,99626337,evelyne.simon1@academy.edu,Astronomy,"GEN101,GEN201,GEN401,GEN601,GEN301"
Sabine,Weber,80771461,sabine.weber1@academy.edu,Statistics,"GEN501,GEN401,GEN201"
Ryo,Sasaki,14702765,ryo.sasaki@learning.edu,Marketing,"GEN601,GEN301,GEN501"
Poppy,Davies,69730381,poppy.davies@scholar.edu,Geology,"GEN501,GEN401,GEN301,GEN201"
Peter,Schulz,98525319,peter.schulz@educational.edu,Biology,"BIO401,BIO601,BIO501,BIO301"
Lata,Verma,80588272,lata.verma@campus.edu,Computer Science,"CS301,CS201,CS601,CS801"
Sabine,Weber,98541879,sabine.weber@scholar.edu,Sociology,"GEN101,GEN401,GEN501"
Kavita,Sharma,94924915,kavita.sharma@academia.edu,Education,"GEN401,GEN201,GEN601"
Poppy,Davies,13333174,poppy.davies@educational.edu,Philosophy,"GEN601,GEN501,GEN101,GEN301,GEN401,GEN201"
Luc,Leroy,18145074,luc.leroy@educational.edu,Computer Science,"CS701,CS201,CS301,CS101,CS801"
Anna,Mueller,30833574,anna.mueller@campus.edu,Chemistry,"CHEM401,CHEM301,CHEM501"
Lucas,Campbell,96903898,lucas.campbell@educational.edu,Mechanical Engineering,"ME201,ME701,ME401,ME801"
Priya,Singh,70233638,priya.singh@college.edu,Physics,"PHYS401,PHYS601,PHYS101,PHYS301,PHYS201"
Evelyn,Robinson,91491826,evelyn.robinson@learning.edu,Civil Engineering,"GEN201,GEN101,GEN401"
Tao,Chen,57421201,tao.chen@university.edu,Communication,"GEN401,GEN101,GEN301,GEN501"
Claudia,Ruiz,92407369,claudia.ruiz@campus.edu,Physics,"PHYS201,PHYS301,PHYS401,PHYS101,PHYS501,PHYS601"
Evelyne,Simon,77738636,evelyne.simon2@academy.edu,Electrical Engineering,"EE301,EE701,EE601"
Sonia,Lima,65257076,sonia.lima@learning.edu,Mechanical Engineering,"ME501,ME301,ME701,ME401"
Leticia,Cardoso,92274010,leticia.cardoso1@academia.edu,Civil Engineering,"GEN601,GEN401,GEN301"
Claudia,Ruiz,90227195,claudia.ruiz@university.edu,Chemistry,"CHEM301,CHEM401,CHEM201,CHEM501,CHEM601,CHEM101"
Sunita,Gupta,40430655,sunita.gupta1@college.edu,Business Administration,"BUS401,BUS501,BUS601,BUS301"
Benjamin,Taylor,47840524,benjamin.taylor@academy.edu,Chemistry,"CHEM601,CHEM301,CHEM101,CHEM401,CHEM201"
Camila,Mira,35090503,camila.mira@educational.edu,English Literature,"ENG101,ENG401,ENG501,ENG201,ENG601,ENG301"
Hector,Alvarez,14100090,hector.alvarez@campus.edu,Physics,"PHYS101,PHYS601,PHYS201,PHYS301,PHYS501"
Wenfang,Chen,34835088,wenfang.chen@scholar.edu,Chemistry,"CHEM301,CHEM201,CHEM501,CHEM601,CHEM101,CHEM401"
Owen,Norman,86271969,owen.norman@college.edu,Education,"GEN201,GEN401,GEN601"
Markus,Wagner,47760530,markus.wagner@college.edu,Philosophy,"GEN501,GEN101,GEN201,GEN301"
Sophie,Durand,51862327,sophie.durand1@scholar.edu,Electrical Engineering,"EE401,EE701,EE301"
Isabella,Martinez,85164161,isabella.martinez@academia.edu,Education,"GEN401,GEN601,GEN301,GEN201,GEN101"
Harper,Rodriguez,93611120,harper.rodriguez@studium.edu,Geology,"GEN101,GEN601,GEN201,GEN501,GEN301,GEN401"
José,Gonzalez,34577135,josé.gonzalez3@educational.edu,English Literature,"ENG401,ENG601,ENG301,ENG501"
Haiyan,Zhang,70587729,haiyan.zhang1@college.edu,Law,"LAW201,LAW501,LAW101,LAW601,LAW401,LAW301"
Dolores,Castillo,44475978,dolores.castillo@institute.edu,Psychology,"PSY401,PSY101,PSY201,PSY501,PSY301"
Emma,Davis,12200870,emma.davis@academy.edu,Philosophy,"GEN601,GEN101,GEN301,GEN501"
Kyle,MacLeod,62771443,kyle.macleod@scholar.edu,Economics,"ECON301,ECON501,ECON201,ECON601"
Marie,Martin,14153090,marie.martin@scholar.edu,Anthropology,"GEN601,GEN201,GEN501"
Katrin,Schneider,92433084,katrin.schneider@scholar.edu,Philosophy,"GEN601,GEN401,GEN201,GEN501,GEN101"
Rui,Yamada,15585457,rui.yamada1@campus.edu,English Literature,"ENG401,ENG301,ENG601,ENG501,ENG201"
Benjamin,White,93619181,benjamin.white@college.edu,Psychology,"PSY401,PSY301,PSY501,PSY601"
Sandra,Meyer,45120389,sandra.meyer@scholar.edu,Computer Science,"CS401,CS501,CS801,CS701,CS201,CS101"
Claudine,Laurent,91861490,claudine.laurent1@university.edu,Political Science,"GEN601,GEN501,GEN301,GEN201,GEN101"
Korben,Golding,70703762,korben.golding@academy.edu,Agricultural Science,"GEN401,GEN501,GEN101,GEN601,GEN201"
Olivia,Wilson,56731508,olivia.wilson1@university.edu,Economics,"ECON201,ECON401,ECON601,ECON301,ECON501"
Xia,Wu,35468921,xia.wu1@college.edu,English Literature,"ENG201,ENG601,ENG501"
George,Jones,64047692,george.jones@college.edu,Biology,"BIO301,BIO501,BIO101,BIO401,BIO201"
Sonia,Lima,15340495,sonia.lima@academy.edu,Computer Science,"CS501,CS201,CS401,CS701,CS801,CS301"
Koki,Kobayashi,86877714,koki.kobayashi1@learning.edu,Chemistry,"CHEM101,CHEM601,CHEM501,CHEM301"
Yukiko,Ito,37787607,yukiko.ito@learning.edu,Political Science,"GEN501,GEN301,GEN601,GEN201"
Jacques,Michel,66723009,jacques.michel@educational.edu,Data Science,"DS301,DS101,DS201"
Layla,MacDonald,57371548,layla.macdonald@learning.edu,Economics,"ECON501,ECON401,ECON101"
Liam,MacDonald,22290399,liam.macdonald1@scholar.edu,Forestry,"GEN601,GEN301,GEN101"
Olivia,Wilson,65442457,olivia.wilson@educational.edu,Civil Engineering,"GEN501,GEN101,GEN601,GEN401,GEN301,GEN201"
Pedro,Fernandes,96121874,pedro.fernandes@university.edu,Marketing,"GEN101,GEN201,GEN501,GEN601,GEN401,GEN301"
Charlotte,Taylor,60457966,charlotte.taylor@academia.edu,History,"HIST101,HIST601,HIST201,HIST301,HIST401,HIST501"
Dirk,Schneider,81302465,dirk.schneider@academy.edu,Physics,"PHYS401,PHYS601,PHYS101"
Sakura,Tanaka,68226614,sakura.tanaka1@scholar.edu,Information Technology,"IT301,IT501,IT401,IT201,IT101"
Aisha,Kumar,59228237,aisha.kumar@scholar.edu,Mathematics,"MATH601,MATH201,MATH401,MATH101,MATH301"
Xiaoyu,Liu,80248617,xiaoyu.liu@academia.edu,Philosophy,"GEN601,GEN301,GEN401,GEN101,GEN501,GEN201"
Tao,Chen,88459934,tao.chen@campus.edu,Education,"GEN401,GEN501,GEN201,GEN101,GEN301,GEN601"
Noah,MacGregor,59818599,noah.macgregor@studium.edu,English Literature,"ENG201,ENG601,ENG401,ENG301,ENG501,ENG101"
Wenfang,Chen,40611797,wenfang.chen@institute.edu,Business Administration,"BUS201,BUS301,BUS501,BUS601"
Xiaoyu,Liu,36305364,xiaoyu.liu1@academia.edu,Electrical Engineering,"EE701,EE301,EE801"
Ashley,Martins,82369098,ashley.martins@learning.edu,Civil Engineering,"GEN101,GEN301,GEN201,GEN601"
Sakura,Tanaka,51902322,sakura.tanaka@learning.edu,Business Administration,"BUS401,BUS601,BUS501"
Maria,Rodriguez,36912792,maria.rodriguez@institute.edu,Civil Engineering,"GEN101,GEN601,GEN401,GEN201"
Rudi,Hawkins,90916313,rudi.hawkins@educational.edu,History,"HIST301,HIST401,HIST501,HIST201"
Leticia,Cardoso,93449416,leticia.cardoso@campus.edu,Mechanical Engineering,"ME801,ME101,ME401,ME701"
Amelia,Taylor,67079226,amelia.taylor@studium.edu,English Literature,"ENG601,ENG301,ENG101,ENG201,ENG401"
Harry,Wilson,99426463,harry.wilson@learning.edu,Chemistry,"CHEM401,CHEM301,CHEM101,CHEM201,CHEM501,CHEM601"
Christine,Hoffmann,53779974,christine.hoffmann@college.edu,Physics,"PHYS301,PHYS501,PHYS101,PHYS201"
Henri,Bertrand,14008408,henri.bertrand@scholar.edu,Mechanical Engineering,"ME401,ME301,ME701"
Amit,Sharma,55987848,amit.sharma@scholar.edu,Computer Science,"CS501,CS401,CS101"
Barney,Golding,37650505,barney.golding@educational.edu,Political Science,"GEN201,GEN301,GEN101"
Marie,Lefebvre,82013850,marie.lefebvre@institute.edu,English Literature,"ENG101,ENG401,ENG201,ENG301,ENG501"
Pedro,Ortiz,32848377,pedro.ortiz@campus.edu,Philosophy,"GEN601,GEN501,GEN401,GEN101,GEN301"
Jacques,Michel,77868302,jacques.michel1@academy.edu,Electrical Engineering,"EE701,EE101,EE201,EE801"
Mia,Murdoch,58221570,mia.murdoch@academia.edu,Agricultural Science,"GEN601,GEN401,GEN501,GEN101,GEN301,GEN201"
Quinn,Hawker,49057575,quinn.hawker@studium.edu,Civil Engineering,"GEN101,GEN601,GEN201,GEN501,GEN401,GEN301"
Charlotte,Lewis,47998848,charlotte.lewis@campus.edu,Psychology,"PSY401,PSY201,PSY301"
Priya,Singh,29170970,priya.singh@educational.edu,Mechanical Engineering,"ME101,ME801,ME301,ME401,ME201,ME501"
Charlotte,Lewis,41054953,charlotte.lewis1@university.edu,Theatre,"GEN601,GEN101,GEN301,GEN201,GEN501,GEN401"
Lilly,Evans,61126421,lilly.evans1@institute.edu,Civil Engineering,"GEN601,GEN401,GEN301"
Feng,Li,39393144,feng.li@academia.edu,English Literature,"ENG201,ENG101,ENG501,ENG601"
Arjun,Sharma,22589021,arjun.sharma@campus.edu,Communication,"GEN601,GEN501,GEN301,GEN201,GEN101"
Ming,Liu,89302565,ming.liu@scholar.edu,Political Science,"GEN401,GEN201,GEN501,GEN101,GEN301"
Luiz,Almeida,44862561,luiz.almeida@academia.edu,Theatre,"GEN401,GEN501,GEN301,GEN201,GEN601,GEN101"
Fernando,Rocha,47830843,fernando.rocha1@academy.edu,Philosophy,"GEN501,GEN401,GEN601,GEN201,GEN101,GEN301"
Liam,Smith,12587974,liam.smith@university.edu,Civil Engineering,"GEN301,GEN501,GEN201"
Retta,Hawkins,27331616,retta.hawkins@scholar.edu,Electrical Engineering,"EE701,EE101,EE401,EE201,EE601,EE301"
Dolores,Castillo,86244422,dolores.castillo@academia.edu,English Literature,"ENG601,ENG401,ENG501,ENG101,ENG301"
Ryo,Sasaki,43196654,ryo.sasaki1@studium.edu,Computer Science,"CS801,CS201,CS601"
Sophia,Miller,96552419,sophia.miller@academy.edu,Chemistry,"CHEM301,CHEM201,CHEM401,CHEM601,CHEM101,CHEM501"
Ethan,Wood,26058549,ethan.wood@institute.edu,Mathematics,"MATH501,MATH101,MATH401"
Rui,Yamada,42807328,rui.yamada@academia.edu,History,"HIST601,HIST501,HIST201,HIST401,HIST301"
Benjamin,Taylor,75361066,benjamin.taylor@college.edu,Environmental Science,"GEN301,GEN501,GEN101"
Julia,Wagner,57245754,julia.wagner@college.edu,Computer Science,"CS801,CS101,CS301,CS701"
Lucas,Grant,96609090,lucas.grant1@academia.edu,Information Technology,"IT401,IT301,IT201,IT601,IT501,IT101"
Anne,Laurent,13542796,anne.laurent@studium.edu,Computer Science,"CS601,CS501,CS301,CS701,CS101,CS401"
Jack,Walker,27082578,jack.walker@educational.edu,Economics,"ECON501,ECON101,ECON601,ECON201,ECON401,ECON301"
Christine,Hoffmann,81677874,christine.hoffmann1@academia.edu,Philosophy,"GEN501,GEN301,GEN601,GEN401,GEN101,GEN201"
Sophia,Miller,61405002,sophia.miller@learning.edu,Biology,"BIO501,BIO101,BIO301,BIO401,BIO601"
Katrin,Schneider,23796782,katrin.schneider1@academia.edu,Mechanical Engineering,"ME601,ME401,ME201"
Ava,Garcia,94427342,ava.garcia@studium.edu,Biology,"BIO501,BIO101,BIO401,BIO301,BIO601"
Feng,Li,34361498,feng.li@institute.edu,Political Science,"GEN401,GEN601,GEN301,GEN101,GEN501,GEN201"
Emma,Davis,21688434,emma.davis1@academy.edu,Geology,"GEN601,GEN501,GEN401"
Retta,Hawkins,76825847,retta.hawkins@studium.edu,Data Science,"DS601,DS301,DS201,DS401,DS101"
Rahul,Verma,88099039,rahul.verma@academy.edu,Biology,"BIO301,BIO401,BIO601,BIO201"
Sophie,Matthews,37430082,sophie.matthews@educational.edu,Chemistry,"CHEM301,CHEM201,CHEM501,CHEM101,CHEM401"
Charlotte,Williams,81433886,charlotte.williams@scholar.edu,Anthropology,"GEN301,GEN501,GEN601,GEN201,GEN101,GEN401"
Korben,Golding,43562076,korben.golding@academia.edu,Civil Engineering,"GEN401,GEN301,GEN601,GEN101,GEN201,GEN501"
Gabriele,Mueller,26080036,gabriele.mueller@learning.edu,Political Science,"GEN201,GEN301,GEN601,GEN101"
Maria,Becker,59143058,maria.becker@learning.edu,History,"HIST501,HIST601,HIST401,HIST301,HIST101,HIST201"
Mason,Murray,99069733,mason.murray@institute.edu,Economics,"ECON501,ECON401,ECON301,ECON101"
Sophie,Durand,92195682,sophie.durand@college.edu,Religious Studies,"GEN201,GEN301,GEN501,GEN601,GEN101,GEN401"
Ravi,Patel,65807956,ravi.patel3@academia.edu,Civil Engineering,"GEN201,GEN101,GEN301"
Gabriele,Mueller,28595839,gabriele.mueller@educational.edu,Philosophy,"GEN501,GEN201,GEN301"
Owen,Norman,91742973,owen.norman1@learning.edu,Astronomy,"GEN501,GEN601,GEN201,GEN401,GEN301,GEN101"
Isabella,Williams,80647256,isabella.williams@university.edu,Marketing,"GEN501,GEN601,GEN101,GEN401"
Grace,Russell,21397056,grace.russell@academia.edu,Sociology,"GEN101,GEN601,GEN401,GEN301"
Katrin,Schneider,31079407,katrin.schneider@educational.edu,Psychology,"PSY401,PSY501,PSY601,PSY101,PSY201,PSY301"
Sandeep,Gupta,18906202,sandeep.gupta@academia.edu,Fine Arts,"GEN601,GEN301,GEN101,GEN401"
Cristina,Dias,18541689,cristina.dias@campus.edu,Political Science,"GEN401,GEN501,GEN301,GEN101,GEN201,GEN601"
William,Miller,86010646,william.miller1@campus.edu,Electrical Engineering,"EE601,EE301,EE401,EE701,EE801"
Maria,Rodriguez,13153460,maria.rodriguez1@scholar.edu,Electrical Engineering,"EE101,EE501,EE601"
Sophie,Durand,52659605,sophie.durand@institute.edu,Biology,"BIO301,BIO201,BIO601,BIO401,BIO501"
Lucas,Campbell,70093184,lucas.campbell@institute.edu,Psychology,"PSY301,PSY101,PSY201,PSY401,PSY501"
Pierre,Dubois,56655203,pierre.dubois@academy.edu,Philosophy,"GEN301,GEN401,GEN201,GEN601,GEN501"
Harper,Rodriguez,43213105,harper.rodriguez@university.edu,Physics,"PHYS201,PHYS601,PHYS101"
Riko,Takahashi,29174438,riko.takahashi@campus.edu,Computer Science,"CS401,CS601,CS701,CS201,CS301,CS101"
Yukiko,Ito,53793396,yukiko.ito1@learning.edu,Mechanical Engineering,"ME801,ME101,ME501"
Lan,Liu,74648087,lan.liu1@academy.edu,English Literature,"ENG101,ENG301,ENG501,ENG401"
Li,Zhang,24026740,li.zhang@institute.edu,Law,"LAW501,LAW401,LAW201,LAW601,LAW101"
Pierre,Dubois,83029379,pierre.dubois@campus.edu,Political Science,"GEN601,GEN101,GEN301"
Sandeep,Gupta,73129871,sandeep.gupta1@academia.edu,Philosophy,"GEN101,GEN301,GEN501"
Quinn,Hawker,65505788,quinn.hawker@educational.edu,Anthropology,"GEN601,GEN201,GEN301"
Florence,Thomas,12748764,florence.thomas@scholar.edu,Electrical Engineering,"EE101,EE601,EE401"
Barney,Golding,55255238,barney.golding1@academia.edu,Data Science,"DS101,DS201,DS301"
Mio,Matsumoto,85934725,mio.matsumoto@institute.edu,Mathematics,"MATH201,MATH401,MATH601,MATH301,MATH101"
George,Jones,49861851,george.jones@university.edu,Nursing,"GEN101,GEN301,GEN401,GEN501,GEN601,GEN201"
Ella,Wilson,16088416,ella.wilson@campus.edu,Chemical Engineering,"GEN301,GEN401,GEN101"
Poppy,Davies,57138138,poppy.davies1@university.edu,Chemistry,"CHEM201,CHEM101,CHEM301,CHEM601,CHEM501,CHEM401"
Retta,Hawkins,47818365,retta.hawkins@institute.edu,Mathematics,"MATH201,MATH601,MATH301"
Riko,Takahashi,41206489,riko.takahashi1@studium.edu,Business Administration,"BUS201,BUS301,BUS601,BUS101,BUS501,BUS401"
Catherine,Rousseau,62058222,catherine.rousseau1@learning.edu,Medicine,"MED401,MED501,MED601,MED301,MED101,MED201"
Vikram,Singh,11962659,vikram.singh@educational.edu,Political Science,"GEN501,GEN601,GEN301,GEN201,GEN401"
Catherine,Rousseau,61296307,catherine.rousseau@studium.edu,Physics,"PHYS101,PHYS301,PHYS401,PHYS601,PHYS201,PHYS501"
Gabriele,Mueller,97407781,gabriele.mueller@academy.edu,Political Science,"GEN101,GEN401,GEN601"
Shiloh,Morris,72155777,shiloh.morris@campus.edu,Biology,"BIO201,BIO401,BIO501,BIO601,BIO301,BIO101"
Patricia,Morales,94420383,patricia.morales@studium.edu,Education,"GEN501,GEN101,GEN301"
Maria,Santos,72732727,maria.santos@institute.edu,Mechanical Engineering,"ME501,ME701,ME201,ME101"
Jean,Bernard,40360687,jean.bernard@learning.edu,Information Technology,"IT401,IT101,IT501,IT301,IT601"
Mio,Matsumoto,47250770,mio.matsumoto@scholar.edu,Business Administration,"BUS301,BUS201,BUS101,BUS401,BUS601"
Amelia,Taylor,62140419,amelia.taylor@educational.edu,Mathematics,"MATH501,MATH301,MATH401,MATH601,MATH101"
Nico,Bombardiere,13072990,nico.bombardiere@scholar.edu,Electrical Engineering,"EE101,EE401,EE701"
Gabriele,Mueller,27382248,gabriele.mueller@institute.edu,Finance,"GEN201,GEN401,GEN101"
Christine,Hoffmann,40335291,christine.hoffmann@academy.edu,Philosophy,"GEN601,GEN201,GEN501,GEN401"
Haiyan,Zhang,21451588,haiyan.zhang1@academy.edu,Civil Engineering,"GEN601,GEN201,GEN401,GEN501,GEN101,GEN301"
Daisy,Roberts,16383339,daisy.roberts1@academy.edu,Biology,"BIO501,BIO401,BIO301,BIO101,BIO601,BIO201"
Luc,Leroy,46572869,luc.leroy@scholar.edu,Physics,"PHYS601,PHYS301,PHYS101,PHYS401,PHYS501,PHYS201"
Yukiko,Ito,44478056,yukiko.ito@campus.edu,Environmental Science,"GEN101,GEN201,GEN401"
Stefan,Mueller,76010007,stefan.mueller@college.edu,Computer Science,"CS401,CS201,CS101,CS801"
Kyle,MacLeod,40529248,kyle.macleod@college.edu,Nursing,"GEN601,GEN501,GEN301"
Ethan,Anderson,43943231,ethan.anderson@campus.edu,Theatre,"GEN201,GEN401,GEN101"
Luc,Leroy,79168143,luc.leroy@university.edu,Law,"LAW501,LAW601,LAW301"
Li,Zhang,39817142,li.zhang@scholar.edu,Chemistry,"CHEM301,CHEM501,CHEM101,CHEM601"
Alexander,Thomas,45151663,alexander.thomas@institute.edu,Nursing,"GEN301,GEN101,GEN401,GEN201"
Meiko,Nakamura,89847013,meiko.nakamura@academy.edu,Civil Engineering,"GEN401,GEN301,GEN201,GEN101,GEN601,GEN501"
Ashley,Martins,15061825,ashley.martins@academia.edu,Philosophy,"GEN101,GEN601,GEN301"
Mason,Murray,11525414,mason.murray@university.edu,Data Science,"DS501,DS201,DS401,DS601"
Amit,Sharma,16319856,amit.sharma@campus.edu,Agricultural Science,"GEN101,GEN501,GEN201,GEN401,GEN301,GEN601"
Ethan,Anderson,95436449,ethan.anderson@academy.edu,Business Administration,"BUS301,BUS601,BUS101,BUS501,BUS201"
Michael,Johnson,50354462,michael.johnson1@educational.edu,Marketing,"GEN101,GEN301,GEN401,GEN501,GEN201"
Anita,Verma,65809277,anita.verma@educational.edu,Political Science,"GEN601,GEN301,GEN401,GEN201"
Mia,Murdoch,51182465,mia.murdoch1@learning.edu,Physics,"PHYS601,PHYS501,PHYS301,PHYS201,PHYS101"
Misaki,Yoshida,29980039,misaki.yoshida@college.edu,Political Science,"GEN401,GEN501,GEN601"
Shiloh,Morris,24884879,shiloh.morris1@college.edu,Astronomy,"GEN101,GEN501,GEN601"
Julia,Wagner,98594320,julia.wagner@studium.edu,Political Science,"GEN401,GEN301,GEN601,GEN101,GEN201,GEN501"
Sudhir,Gupta,85552331,sudhir.gupta@studium.edu,Physics,"PHYS401,PHYS101,PHYS201"
Thomas,Fischer,69415178,thomas.fischer@academy.edu,Electrical Engineering,"EE601,EE101,EE701,EE201"
Felipe,Matos,44941881,felipe.matos@academia.edu,Biology,"BIO301,BIO401,BIO101"
Sophie,Matthews,85405911,sophie.matthews@scholar.edu,Astronomy,"GEN601,GEN201,GEN501,GEN401,GEN101,GEN301"
Xia,Wu,81315586,xia.wu@academy.edu,English Literature,"ENG401,ENG501,ENG101,ENG601,ENG301,ENG201"
Rajesh,Kumar,39062661,rajesh.kumar@academia.edu,Business Administration,"BUS501,BUS301,BUS201,BUS401,BUS601,BUS101"
Poppy,Davies,57640970,poppy.davies1@studium.edu,Artificial Intelligence,"GEN101,GEN501,GEN601"
Meera,Patel,12160216,meera.patel@scholar.edu,Sociology,"GEN201,GEN401,GEN601,GEN101,GEN301"
Hui,Yang,32541223,hui.yang1@studium.edu,Chemistry,"CHEM301,CHEM501,CHEM101,CHEM601"
Nico,Bombardiere,45155077,nico.bombardiere@academia.edu,Fine Arts,"GEN301,GEN601,GEN401,GEN101,GEN501,GEN201"
Shiloh,Morris,50207868,shiloh.morris@academy.edu,Civil Engineering,"GEN101,GEN401,GEN601,GEN301,GEN201"
Charlotte,Williams,90100036,charlotte.williams@educational.edu,Nursing,"GEN301,GEN601,GEN401,GEN501,GEN201"
Li,Zhang,48437817,li.zhang@academia.edu,Business Administration,"BUS101,BUS501,BUS301"
Carmen,Martinez,24845441,carmen.martinez@institute.edu,Chemical Engineering,"GEN201,GEN601,GEN501"
Rosa,Sanchez,40357339,rosa.sanchez@campus.edu,English Literature,"ENG401,ENG601,ENG501,ENG301,ENG101"
Vikram,Singh,58979552,vikram.singh@college.edu,Anthropology,"GEN501,GEN201,GEN101"
Cristina,Dias,47737339,cristina.dias@university.edu,Business Administration,"BUS301,BUS101,BUS401"
Finlay,Thompson,80222078,finlay.thompson1@academia.edu,English Literature,"ENG501,ENG601,ENG101,ENG401,ENG201"
Vikram,Singh,87520240,vikram.singh@campus.edu,Fine Arts,"GEN301,GEN401,GEN501,GEN101,GEN201,GEN601"
Nicole,Fischer,21258300,nicole.fischer2@academy.edu,Computer Science,"CS101,CS601,CS401"
Tao,Chen,52627861,tao.chen1@educational.edu,Mechanical Engineering,"ME701,ME201,ME501,ME801,ME101,ME401"
George,Jones,94015646,george.jones@campus.edu,Finance,"GEN601,GEN401,GEN501"
Gang,Xu,72618886,gang.xu@college.edu,Business Administration,"BUS101,BUS301,BUS601,BUS501,BUS401,BUS201"
Kavita,Sharma,25193974,kavita.sharma@college.edu,Artificial Intelligence,"GEN101,GEN201,GEN601,GEN301,GEN501"
Isabella,Martinez,89793802,isabella.martinez1@university.edu,Economics,"ECON601,ECON401,ECON101,ECON301"
Daniel,Santiago,45866425,daniel.santiago@academia.edu,Environmental Science,"GEN601,GEN301,GEN401"
Victoria,Mendoza,28925727,victoria.mendoza1@studium.edu,Biology,"BIO101,BIO601,BIO201,BIO501"
Leticia,Cardoso,43901858,leticia.cardoso@university.edu,English Literature,"ENG101,ENG201,ENG601"
Leticia,Cardoso,53922415,leticia.cardoso1@university.edu,Mechanical Engineering,"ME401,ME601,ME501,ME101,ME201"
Yuki,Suzuki,39788968,yuki.suzuki@learning.edu,History,"HIST301,HIST601,HIST201"
Jacob,Ross,26351739,jacob.ross@learning.edu,Physics,"PHYS201,PHYS501,PHYS301,PHYS601,PHYS101,PHYS401"
Wei,Wang,21888692,wei.wang@studium.edu,Computer Science,"CS201,CS701,CS501"
Ricardo,Pereira,59176644,ricardo.pereira@learning.edu,Political Science,"GEN401,GEN101,GEN301,GEN201,GEN601"
Pierre,Dubois,92926238,pierre.dubois1@university.edu,Civil Engineering,"GEN401,GEN101,GEN201"
Camila,Mira,52891854,camila.mira@institute.edu,Civil Engineering,"GEN401,GEN601,GEN501,GEN301"
Wei,Wang,77099349,wei.wang@scholar.edu,Environmental Science,"GEN301,GEN401,GEN101,GEN501,GEN601,GEN201"
Sandra,Meyer,47535420,sandra.meyer@studium.edu,Business Administration,"BUS301,BUS501,BUS101"
Usha,Patel,17851188,usha.patel1@campus.edu,Philosophy,"GEN501,GEN101,GEN401,GEN601"
Carmen,Rodrigues,36445538,carmen.rodrigues@studium.edu,Biology,"BIO401,BIO301,BIO601"
Yuto,Suzuki,36270076,yuto.suzuki@studium.edu,English Literature,"ENG601,ENG201,ENG401,ENG101,ENG501,ENG301"
Haiyan,Zhang,87391168,haiyan.zhang@studium.edu,Mathematics,"MATH601,MATH101,MATH201,MATH501,MATH301"
Priya,Singh,82648024,priya.singh1@college.edu,English Literature,"ENG101,ENG401,ENG201"
Meiko,Nakamura,90523875,meiko.nakamura@scholar.edu,Fine Arts,"GEN601,GEN101,GEN301"
Olivia,Davis,74400173,olivia.davis@studium.edu,Information Technology,"IT301,IT601,IT101,IT501,IT401,IT201"
Korben,Golding,84131401,korben.golding@university.edu,Mechanical Engineering,"ME201,ME801,ME501,ME701,ME401"
Nicole,Fournier,67475357,nicole.fournier@academy.edu,International Relations,"GEN301,GEN101,GEN501"
Poppy,Davies,74708333,poppy.davies@academia.edu,English Literature,"ENG301,ENG501,ENG201"
Miguel,Hernandez,66289849,miguel.hernandez@college.edu,Religious Studies,"GEN501,GEN601,GEN301,GEN401,GEN201"
Weiwei,Li,73863381,weiwei.li@institute.edu,Physics,"PHYS101,PHYS401,PHYS501,PHYS201,PHYS601,PHYS301"
Paula,Costa,59514608,paula.costa@scholar.edu,Music,"GEN201,GEN101,GEN501,GEN601,GEN401"
Ana,Souza,51547134,ana.souza1@studium.edu,Mathematics,"MATH301,MATH501,MATH401,MATH201,MATH101"
Sophie,Durand,59561522,sophie.durand@campus.edu,Biology,"BIO301,BIO501,BIO401"
Evelyn,Robinson,40722328,evelyn.robinson@scholar.edu,Philosophy,"GEN601,GEN201,GEN301,GEN101"
Sebastian,Taylor,60467341,sebastian.taylor@university.edu,Chemistry,"CHEM601,CHEM501,CHEM101,CHEM201"
Yukiko,Ito,63611890,yukiko.ito@institute.edu,Political Science,"GEN401,GEN101,GEN301"
Arjun,Sharma,32706534,arjun.sharma@studium.edu,Economics,"ECON501,ECON101,ECON301,ECON601"
Maria,Santos,40277041,maria.santos@academy.edu,Business Administration,"BUS501,BUS401,BUS201"
Heike,Schulz,71417770,heike.schulz@university.edu,Civil Engineering,"GEN401,GEN501,GEN201,GEN601,GEN101"
Yuto,Suzuki,20449744,yuto.suzuki@university.edu,Nursing,"GEN201,GEN601,GEN501,GEN101,GEN301,GEN401"
Lucas,Grant,89286403,lucas.grant@college.edu,Astronomy,"GEN401,GEN501,GEN601,GEN301,GEN101,GEN201"
Gang,Xu,78614274,gang.xu1@university.edu,Marketing,"GEN201,GEN601,GEN401"
Claudine,Laurent,77558005,claudine.laurent@studium.edu,Economics,"ECON401,ECON601,ECON201"
Xia,Wu,20336751,xia.wu@studium.edu,Theatre,"GEN601,GEN201,GEN101"
Cristina,Dias,85577857,cristina.dias@college.edu,International Relations,"GEN601,GEN301,GEN501,GEN101"
Emma,Davis,76985776,emma.davis@college.edu,Marketing,"GEN201,GEN301,GEN401,GEN601,GEN101"
Naresh,Kumar,48336427,naresh.kumar@educational.edu,Electrical Engineering,"EE201,EE801,EE301,EE401,EE501"
Miguel,Hernandez,29951638,miguel.hernandez1@scholar.edu,Information Technology,"IT301,IT101,IT401,IT201,IT501"
Thomas,Fischer,72160489,thomas.fischer1@academia.edu,Chemistry,"CHEM301,CHEM401,CHEM101,CHEM501,CHEM601,CHEM201"
José,Gonzalez,23156202,josé.gonzalez@academy.edu,Mechanical Engineering,"ME101,ME301,ME501,ME601,ME401,ME201"
Pierre,Dubois,42216878,pierre.dubois1@academia.edu,Computer Science,"CS701,CS101,CS601"
Isabella,Williams,24219726,isabella.williams1@academy.edu,Astronomy,"GEN101,GEN401,GEN601"
Mia,Murdoch,86297947,mia.murdoch@college.edu,Psychology,"PSY401,PSY501,PSY201"
Liam,MacDonald,22731012,liam.macdonald@university.edu,Mechanical Engineering,"ME801,ME101,ME701,ME401"
Miguel,Hernandez,49096026,miguel.hernandez@university.edu,Forestry,"GEN601,GEN101,GEN201,GEN301,GEN501"
William,Miller,23945273,william.miller@academia.edu,Political Science,"GEN501,GEN301,GEN601,GEN401,GEN101,GEN201"
Wolfgang,Hoffmann,96606896,wolfgang.hoffmann@scholar.edu,History,"HIST601,HIST501,HIST301,HIST401,HIST101,HIST201"
Sakura,Tanaka,96406846,sakura.tanaka2@scholar.edu,Data Science,"DS301,DS601,DS501,DS201,DS401"
Christiane,Simon,67891351,christiane.simon@educational.edu,Electrical Engineering,"EE101,EE701,EE601,EE801"
Aiko,Sato,21609292,aiko.sato@educational.edu,Law,"LAW501,LAW601,LAW101,LAW201,LAW301,LAW401"
Roberto,Juarez,29162207,roberto.juarez@campus.edu,Education,"GEN301,GEN201,GEN501"
Hong,Zhao,37330900,hong.zhao@campus.edu,Electrical Engineering,"EE401,EE201,EE801"
Finlay,Thompson,93328602,finlay.thompson2@academia.edu,Law,"LAW401,LAW501,LAW201"
Roberto,Quintana,57601687,roberto.quintana@university.edu,Biology,"BIO301,BIO401,BIO601,BIO201,BIO501,BIO101"
Haruka,Abe,72163866,haruka.abe@learning.edu,Psychology,"PSY401,PSY501,PSY201"
Ricardo,Pereira,22865531,ricardo.pereira@institute.edu,Statistics,"GEN501,GEN301,GEN201"
Carmen,Rodrigues,73113792,carmen.rodrigues1@studium.edu,Finance,"GEN201,GEN401,GEN501"
Victoria,Ford,64792712,victoria.ford@learning.edu,Astronomy,"GEN601,GEN401,GEN201,GEN301,GEN501"
Claudia,Ruiz,92811541,claudia.ruiz@academia.edu,Information Technology,"IT101,IT501,IT401,IT301,IT201"
Lucas,Campbell,86024181,lucas.campbell1@university.edu,History,"HIST601,HIST301,HIST401,HIST101"
Mason,Jones,47850019,mason.jones@institute.edu,Mathematics,"MATH301,MATH401,MATH501,MATH601,MATH101,MATH201"
Sonia,Lima,99663687,sonia.lima@scholar.edu,Civil Engineering,"GEN301,GEN101,GEN401,GEN601"
Wenfang,Chen,30112231,wenfang.chen@studium.edu,Philosophy,"GEN401,GEN301,GEN101"
Hans,Schneider,88868925,hans.schneider@university.edu,International Relations,"GEN501,GEN101,GEN201,GEN601"
Amelia,Taylor,62408386,amelia.taylor@college.edu,Biology,"BIO601,BIO401,BIO301,BIO201"
George,Jones,56388933,george.jones1@college.edu,International Relations,"GEN401,GEN601,GEN101"
Ravi,Patel,70969618,ravi.patel4@academia.edu,Computer Science,"CS101,CS601,CS201"
Alexander,Thomas,36668833,alexander.thomas@university.edu,Business Administration,"BUS601,BUS101,BUS401,BUS201"
James,Smith,67585193,james.smith@scholar.edu,Business Administration,"BUS601,BUS501,BUS101,BUS401"
Miguel,Hernandez,41107484,miguel.hernandez2@scholar.edu,Finance,"GEN501,GEN601,GEN101,GEN401"
Sakura,Tanaka,31206603,sakura.tanaka1@institute.edu,Sociology,"GEN101,GEN401,GEN601,GEN301"
Oliver,Thompson,98734868,oliver.thompson@educational.edu,English Literature,"ENG301,ENG101,ENG501,ENG401"
Amelia,Taylor,64970739,amelia.taylor1@college.edu,Chemistry,"CHEM501,CHEM401,CHEM601,CHEM201,CHEM301"
Gabriele,Mueller,83955090,gabriele.mueller@campus.edu,Civil Engineering,"GEN201,GEN101,GEN401,GEN601,GEN301"
Christiane,Simon,90795581,christiane.simon@academia.edu,Economics,"ECON501,ECON601,ECON201,ECON101"
Riko,Takahashi,84822296,riko.takahashi@learning.edu,Economics,"ECON301,ECON601,ECON401"
Misaki,Yoshida,77200595,misaki.yoshida@educational.edu,Economics,"ECON101,ECON301,ECON601,ECON201,ECON401"
Amit,Sharma,33326184,amit.sharma1@college.edu,Chemistry,"CHEM101,CHEM201,CHEM601,CHEM401,CHEM301"
Luc,Leroy,47493978,luc.leroy@institute.edu,Statistics,"GEN501,GEN301,GEN401,GEN601"
Matthew,Lewis,31998397,matthew.lewis@university.edu,Sociology,"GEN301,GEN601,GEN201,GEN101,GEN501,GEN401"
Jack,Walker,36345993,jack.walker1@educational.edu,Economics,"ECON301,ECON101,ECON201,ECON501"
Sakura,Tanaka,71681675,sakura.tanaka1@educational.edu,Biology,"BIO301,BIO601,BIO401"
Marj,Sayers,30045600,marj.sayers@studium.edu,Chemistry,"CHEM401,CHEM501,CHEM301,CHEM101,CHEM201,CHEM601"
Sophie,Durand,70983930,sophie.durand1@college.edu,Civil Engineering,"GEN401,GEN201,GEN301"
Retta,Hawkins,45723351,retta.hawkins1@studium.edu,Mechanical Engineering,"ME601,ME401,ME301,ME501,ME801"
Retta,Hawkins,59577099,retta.hawkins@learning.edu,Information Technology,"IT101,IT501,IT601,IT301"
Jack,Walker,56083887,jack.walker@academia.edu,Physics,"PHYS101,PHYS401,PHYS501"
Evelyne,Simon,61303995,evelyne.simon@college.edu,Anthropology,"GEN301,GEN401,GEN101,GEN601,GEN501,GEN201"
Zoey,Bell,67722827,zoey.bell1@college.edu,Mathematics,"MATH301,MATH501,MATH101,MATH601,MATH201,MATH401"
Simon,Moreau,94196480,simon.moreau@learning.edu,Psychology,"PSY501,PSY201,PSY101"
Markus,Wagner,31960966,markus.wagner1@scholar.edu,Medicine,"MED601,MED301,MED501,MED401,MED101,MED201"
Dongmei,Wang,80407628,dongmei.wang1@college.edu,Civil Engineering,"GEN501,GEN401,GEN601,GEN201,GEN301,GEN101"
Dolores,Castillo,71696398,dolores.castillo@educational.edu,Chemical Engineering,"GEN401,GEN601,GEN101,GEN501,GEN201"
Patricia,Morales,12648067,patricia.morales@college.edu,Mechanical Engineering,"ME201,ME501,ME301,ME801,ME601"
Nicole,Fischer,40860011,nicole.fischer1@academia.edu,Psychology,"PSY201,PSY601,PSY501,PSY301"
Sandeep,Gupta,96086653,sandeep.gupta@learning.edu,Political Science,"GEN401,GEN601,GEN301,GEN101"
Evelyn,Robinson,28209774,evelyn.robinson@academia.edu,Finance,"GEN101,GEN301,GEN201,GEN501"
Ryoto,Takahashi,12199760,ryoto.takahashi@learning.edu,International Relations,"GEN301,GEN201,GEN501"
Quinn,Hawker,52188304,quinn.hawker1@studium.edu,Civil Engineering,"GEN301,GEN401,GEN201,GEN501"
Feng,Li,91861883,feng.li1@institute.edu,Astronomy,"GEN401,GEN201,GEN301"
Arjun,Sharma,34471684,arjun.sharma@educational.edu,English Literature,"ENG201,ENG301,ENG501,ENG401,ENG101,ENG601"
Claudine,Laurent,34915006,claudine.laurent@learning.edu,Theatre,"GEN501,GEN601,GEN101,GEN401"
Rui,Yamada,76942536,rui.yamada@studium.edu,Mechanical Engineering,"ME401,ME601,ME101,ME701,ME801"
Olivia,Davis,16743744,olivia.davis@learning.edu,Political Science,"GEN301,GEN401,GEN101,GEN501,GEN201"
Maria,Rodriguez,79443942,maria.rodriguez1@institute.edu,Economics,"ECON301,ECON601,ECON401,ECON101,ECON501"
Jacques,Michel,91476802,jacques.michel@institute.edu,Mechanical Engineering,"ME301,ME101,ME701,ME401,ME801,ME201"
Sunita,Gupta,76786212,sunita.gupta1@academia.edu,Forestry,"GEN201,GEN401,GEN101,GEN501"
Sophia,Miller,92680713,sophia.miller1@academy.edu,Physics,"PHYS601,PHYS501,PHYS401,PHYS301,PHYS201,PHYS101"
Paula,Costa,34511373,paula.costa@college.edu,Biology,"BIO101,BIO301,BIO601,BIO201,BIO401"
Pierre,Michel,71606574,pierre.michel@college.edu,Chemistry,"CHEM501,CHEM101,CHEM201"
Thomas,Fischer,44340986,thomas.fischer@studium.edu,Physics,"PHYS301,PHYS401,PHYS101,PHYS501,PHYS601,PHYS201"
Nana,Shimizu,33781747,nana.shimizu@studium.edu,History,"HIST401,HIST501,HIST201,HIST301"
Peter,Schulz,15044646,peter.schulz@studium.edu,Electrical Engineering,"EE701,EE801,EE601,EE201,EE501"
Pierre,Dubois,77496017,pierre.dubois@college.edu,Statistics,"GEN401,GEN201,GEN501,GEN301,GEN601"
Mia,Murdoch,55789381,mia.murdoch@studium.edu,Economics,"ECON101,ECON601,ECON201,ECON501"
Owen,Norman,94589076,owen.norman1@academia.edu,Civil Engineering,"GEN401,GEN601,GEN301"
Dolores,Castillo,57931695,dolores.castillo1@educational.edu,Communication,"GEN201,GEN601,GEN501,GEN301"
Antonio,Ramirez,53677155,antonio.ramirez@campus.edu,English Literature,"ENG601,ENG301,ENG401,ENG201"
Markus,Wagner,72542928,markus.wagner@learning.edu,Statistics,"GEN601,GEN501,GEN101,GEN201,GEN301,GEN401"
Michel,Dubois,63445469,michel.dubois@academy.edu,Environmental Science,"GEN601,GEN101,GEN201,GEN301,GEN401,GEN501"
Jacques,Michel,92894355,jacques.michel1@scholar.edu,History,"HIST201,HIST101,HIST301"
Usha,Patel,12628337,usha.patel2@university.edu,History,"HIST601,HIST201,HIST301,HIST501"
Francisco,Medina,26794509,francisco.medina@scholar.edu,Computer Science,"CS601,CS101,CS701,CS201,CS401"
Wenfang,Chen,83293368,wenfang.chen@learning.edu,Philosophy,"GEN401,GEN201,GEN501,GEN301,GEN601,GEN101"
Xiaoyu,Liu,37329839,xiaoyu.liu@educational.edu,Mechanical Engineering,"ME501,ME301,ME601,ME401"
Nico,Bombardiere,95355239,nico.bombardiere1@scholar.edu,Education,"GEN301,GEN201,GEN601,GEN501,GEN401,GEN101"
Ella,Wilson,67623189,ella.wilson2@educational.edu,Psychology,"PSY301,PSY601,PSY201,PSY101,PSY401,PSY501"
Aiden,MacKenzie,42439164,aiden.mackenzie@academy.edu,Communication,"GEN501,GEN401,GEN201"
Henri,Bertrand,27292070,henri.bertrand@academia.edu,Fine Arts,"GEN101,GEN501,GEN201,GEN301,GEN601"
Mason,Jones,25586726,mason.jones1@campus.edu,Music,"GEN101,GEN401,GEN301"
Hui,Yang,79928856,hui.yang@campus.edu,Education,"GEN301,GEN601,GEN501,GEN401,GEN201,GEN101"
Shiloh,Morris,28810909,shiloh.morris@academia.edu,History,"HIST601,HIST201,HIST401,HIST501"
Camila,Mira,36503246,camila.mira1@educational.edu,Astronomy,"GEN101,GEN501,GEN401,GEN201"
Sandeep,Gupta,67884521,sandeep.gupta@studium.edu,Business Administration,"BUS501,BUS201,BUS401,BUS301"
Mio,Matsumoto,82331247,mio.matsumoto@academia.edu,Psychology,"PSY601,PSY201,PSY101,PSY301,PSY401,PSY501"
Camila,Mira,17170644,camila.mira@studium.edu,Physics,"PHYS301,PHYS501,PHYS601"
Misaki,Yoshida,36469628,misaki.yoshida@campus.edu,Computer Science,"CS301,CS401,CS801,CS501,CS701"
Zoey,Bell,82216373,zoey.bell1@studium.edu,Chemistry,"CHEM301,CHEM201,CHEM501,CHEM401,CHEM101"
Barney,Golding,43814592,barney.golding1@learning.edu,Chemistry,"CHEM301,CHEM201,CHEM601,CHEM401,CHEM101,CHEM501"
Poonam,Patel,79124558,poonam.patel2@scholar.edu,History,"HIST601,HIST401,HIST501"
Tao,Chen,63161583,tao.chen@scholar.edu,Chemical Engineering,"GEN301,GEN501,GEN601,GEN401"
Sunita,Gupta,94476382,sunita.gupta@academy.edu,Economics,"ECON101,ECON401,ECON301,ECON601"
Heike,Schulz,69779350,heike.schulz@academia.edu,Biology,"BIO101,BIO401,BIO501"
Victoria,Mendoza,31022422,victoria.mendoza@academia.edu,Data Science,"DS201,DS601,DS401,DS301,DS501,DS101"
Francisco,Medina,28433890,francisco.medina@campus.edu,Electrical Engineering,"EE501,EE101,EE201,EE301,EE401,EE701"
Meera,Patel,24782408,meera.patel@college.edu,English Literature,"ENG201,ENG401,ENG101,ENG501,ENG301"
Yukiko,Ito,61400425,yukiko.ito1@campus.edu,Physics,"PHYS501,PHYS101,PHYS401,PHYS301,PHYS601"
Xiaofang,Wang,73875589,xiaofang.wang@learning.edu,International Relations,"GEN201,GEN501,GEN601,GEN101"
Marj,Sayers,49227282,marj.sayers@scholar.edu,Biology,"BIO301,BIO201,BIO101"
Marie,Martin,13759755,marie.martin1@scholar.edu,Mechanical Engineering,"ME401,ME701,ME601"
Lilly,Evans,80636597,lilly.evans@learning.edu,Philosophy,"GEN601,GEN101,GEN501,GEN401"
Juan,Perez,90249910,juan.perez1@academy.edu,English Literature,"ENG101,ENG401,ENG601"
Sora,Inoue,92442637,sora.inoue1@scholar.edu,Business Administration,"BUS401,BUS201,BUS101"
Sabine,Weber,86620244,sabine.weber@campus.edu,Civil Engineering,"GEN101,GEN601,GEN401,GEN501,GEN301"
Li,Zhang,93267012,li.zhang1@scholar.edu,Information Technology,"IT101,IT401,IT601"
Sora,Inoue,87144516,sora.inoue@educational.edu,Physics,"PHYS201,PHYS501,PHYS401"
